{"dataset_name": "amazon", "noise_ratio": 0.24501044159856578, "coverage": 0.65543125, "noisy_class_distribution": [0.20144179881566526, 0.7985582011843347], "class_distribution": [0.5004375, 0.4995625], "accuracy": 0.688, "balanced_accuracy": 0.6879, "log_loss": 0.5951, "ranking_quality": [1.0, 1.0], "detector_name": "silver", "handler_name": "filter", "fitting_time": 57.084349990822375, "params": {"sgd__alpha": 4.771741238680153e-05, "sgd__eta0": 0.11480898898506335}, "commit": "87401ba1c2902fa3f83590d5e5b7e2debbd6f13d", "hostname": "r-marcel-c3-8440-02"}