{"dataset_name": "cifar10", "noise_ratio": 0.08811999999999998, "coverage": 1.0, "noisy_class_distribution": [0.0985, 0.10788, 0.10342, 0.09314, 0.09002, 0.10604, 0.0981, 0.1052, 0.10084, 0.09686], "class_distribution": [0.1, 0.1, 0.1, 0.1, 0.1, 0.1, 0.1, 0.1, 0.1, 0.1], "accuracy": 0.441, "balanced_accuracy": 0.441, "log_loss": 1.6119, "ranking_quality": [1.0, 1.0, 1.0, 1.0, 1.0, 1.0, 1.0, 1.0, 1.0, 1.0], "detector_name": "silver", "handler_name": "filter", "fitting_time": 43.49590773880482, "params": {"sgd__alpha": 1.2563773802166352e-05, "sgd__eta0": 0.09222936192781778}, "commit": "87401ba1c2902fa3f83590d5e5b7e2debbd6f13d", "hostname": "r-marcel-c3-8440-02"}