{"dataset_name": "imdb", "noise_ratio": 0.26348843848130177, "coverage": 0.87575, "noisy_class_distribution": [0.4344847273765344, 0.5655152726234656], "class_distribution": [0.5, 0.5], "accuracy": 0.8204, "balanced_accuracy": 0.8204, "log_loss": 0.4034, "ranking_quality": [1.0, 1.0], "detector_name": "silver", "handler_name": "filter", "fitting_time": 0.6681558834388852, "params": {"sgd__alpha": 9.498748303988603e-05, "sgd__eta0": 0.07395496760104725}, "commit": "87401ba1c2902fa3f83590d5e5b7e2debbd6f13d", "hostname": "r-marcel-c3-8440-02"}