{"dataset_name": "mushroom", "noise_ratio": 0.13238697731831506, "coverage": 0.9972303431297123, "noisy_class_distribution": [0.4917451010646505, 0.5082548989353495], "class_distribution": [0.5122326511771041, 0.48776734882289585], "accuracy": 0.9176, "balanced_accuracy": 0.917, "log_loss": 0.1653, "ranking_quality": [1.0, 1.0], "detector_name": "silver", "handler_name": "filter", "fitting_time": 0.16072967275977135, "params": {"sgd__alpha": 5.970671504305163e-05, "sgd__eta0": 0.0015740161907655873}, "commit": "87401ba1c2902fa3f83590d5e5b7e2debbd6f13d", "hostname": "r-marcel-c3-8440-02"}