{"dataset_name": "phishing", "noise_ratio": 0.2105384793159233, "coverage": 0.9785165083672547, "noisy_class_distribution": [0.42546799168014793, 0.5745320083198521], "class_distribution": [0.44674355495251017, 0.5532564450474898], "accuracy": 0.915, "balanced_accuracy": 0.9092, "log_loss": 0.2437, "ranking_quality": [1.0, 1.0], "detector_name": "silver", "handler_name": "filter", "fitting_time": 3.104398942552507, "params": {"sgd__alpha": 0.0002552229978012189, "sgd__eta0": 0.3600169804953528}, "commit": "87401ba1c2902fa3f83590d5e5b7e2debbd6f13d", "hostname": "r-marcel-c3-8440-02"}