{"dataset_name": "trec", "noise_ratio": 0.461907743686078, "coverage": 0.9519173455195709, "noisy_class_distribution": [0.5865163848883322, 0.07701941139636818, 0.12732206219995826, 0.0012523481527864746, 0.07305364224587768, 0.1348361511166771], "class_distribution": [0.21060997417047486, 0.23147228293264455, 0.2235247367375323, 0.016093781045102326, 0.15140075501688854, 0.16689847009735745], "accuracy": 0.542, "balanced_accuracy": 0.426, "log_loss": 1.3922, "ranking_quality": [1.0, 1.0, 1.0, 1.0, 1.0, 1.0], "detector_name": "silver", "handler_name": "filter", "fitting_time": 4.367090670391917, "params": {"sgd__alpha": 0.00023514794892635652, "sgd__eta0": 0.281115010391938}, "commit": "87401ba1c2902fa3f83590d5e5b7e2debbd6f13d", "hostname": "r-marcel-c3-8440-02"}