{"dataset_name": "hausa", "noise_ratio": 0.2621026894865526, "coverage": 1.0, "noisy_class_distribution": [0.16283618581907092, 0.1980440097799511, 0.22591687041564792, 0.16772616136919316, 0.24547677261613693], "class_distribution": [0.15403422982885084, 0.21222493887530564, 0.219559902200489, 0.1388753056234719, 0.27530562347188264], "accuracy": 0.5997, "balanced_accuracy": 0.563, "log_loss": 1.1374, "ranking_quality": [0.6337, 0.7882, 0.8386, 0.7951, 0.9235], "detector_name": "gb_consensus", "handler_name": "filter", "fitting_time": 3675.930837054737, "params": {"splitter__threshold": 0.1, "detector__base_model__learning_rate": 0.06378663669692838, "detector__base_model__reg_lambda": 56.27874521466568, "estimator__learning_rate": 0.0436008659076101, "estimator__reg_lambda": 45.04018164785354}, "commit": "de771b8902cbef0a7f283781242ac4853f192fcf", "hostname": "r-marcel-c3-liqid-02", "trust_scores": [0.30000000000000004, 0.0, 0.0, 1.0, 1.0000000000000002, 0.0, 0.0, 1.0000000000000002, 1.0, 0.0, 0.0, 0.0, 1.0, 0.0, 0.0, 0.4, 0.0, 0.0, 1.0, 0.0, 1.0, 1.0, 1.0000000000000002, 1.0, 0.0, 0.0, 0.0, 0.0, 1.0000000000000002, 0.1, 0.0, 1.0, 0.0, 1.0, 0.30000000000000004, 0.0, 0.0, 1.0, 0.0, 0.0, 0.0, 1.0000000000000002, 0.0, 0.0, 0.0, 1.0, 0.0, 0.1, 1.0, 0.0, 0.0, 1.0, 0.0, 0.0, 1.0, 0.0, 1.0, 0.0, 1.0, 1.0, 0.0, 1.0000000000000002, 0.2, 0.0, 0.0, 1.0, 1.0, 1.0, 1.0, 0.0, 0.0, 0.9, 0.0, 1.0, 0.0, 0.5, 0.0, 0.9, 0.0, 0.0, 1.0, 0.2, 0.1, 1.0000000000000002, 1.0, 0.6, 0.0, 1.0000000000000002, 1.0, 0.0, 0.0, 0.1, 1.0000000000000002, 0.0, 1.0, 0.0, 1.0, 1.0, 0.0, 0.1, 0.4, 1.0, 0.0, 0.0, 0.0, 1.0, 0.0, 0.0, 1.0, 0.0, 0.0, 0.0, 0.0, 1.0, 0.0, 1.0, 1.0, 0.0, 0.9, 0.0, 0.0, 0.0, 0.0, 1.0, 1.0, 0.0, 1.0, 0.0, 0.0, 1.0000000000000002, 0.0, 0.2, 0.30000000000000004, 0.0, 0.0, 0.6000000000000001, 0.1, 1.0, 0.0, 0.9999999999999999, 0.8, 1.0, 0.0, 0.7000000000000001, 0.0, 0.0, 0.0, 1.0, 0.0, 0.0, 1.0, 1.0, 0.8, 0.0, 1.0, 1.0, 0.0, 0.1, 0.4, 0.8, 0.0, 1.0, 1.0, 1.0, 1.0, 0.0, 0.0, 0.9000000000000001, 0.4, 0.9999999999999999, 1.0, 0.0, 0.7000000000000001, 0.1, 0.9, 0.9000000000000001, 0.0, 0.0, 1.0, 1.0, 0.0, 0.0, 1.0, 0.0, 0.0, 0.0, 0.0, 0.0, 0.2, 1.0, 1.0000000000000002, 0.0, 1.0, 1.0, 1.0, 1.0, 0.0, 0.0, 0.0, 0.4, 0.0, 0.7000000000000001, 0.1, 0.4, 1.0, 1.0000000000000002, 0.7, 1.0, 0.0, 0.0, 1.0000000000000002, 1.0, 0.0, 1.0, 1.0, 0.1, 0.0, 0.2, 0.0, 0.0, 0.0, 0.9, 0.5, 1.0, 1.0, 1.0000000000000002, 1.0, 0.0, 0.0, 0.0, 0.2, 1.0, 0.0, 0.0, 1.0, 1.0, 0.0, 1.0, 1.0, 0.0, 0.0, 0.0, 0.4, 0.5, 0.2, 1.0000000000000002, 0.0, 0.0, 1.0, 0.0, 0.0, 0.0, 1.0, 0.0, 0.0, 1.0, 1.0, 1.0, 0.30000000000000004, 0.9999999999999999, 1.0, 0.0, 1.0000000000000002, 1.0000000000000002, 0.0, 0.0, 0.2, 0.1, 0.1, 1.0, 0.9000000000000001, 1.0, 1.0, 0.7000000000000001, 1.0000000000000002, 1.0, 0.0, 0.2, 0.0, 0.2, 0.30000000000000004, 0.0, 0.1, 0.2, 0.0, 0.0, 1.0, 1.0000000000000002, 1.0, 1.0, 0.4, 1.0, 1.0, 1.0, 0.0, 0.0, 1.0000000000000002, 0.0, 1.0, 0.0, 0.7, 0.0, 1.0, 1.0, 0.0, 1.0, 0.4, 1.0, 0.5, 1.0, 0.0, 0.0, 0.4, 0.1, 0.0, 1.0, 0.7000000000000001, 0.8, 1.0, 0.0, 1.0, 1.0, 0.0, 0.0, 0.1, 1.0, 1.0, 0.0, 1.0, 0.0, 0.0, 1.0000000000000002, 1.0, 1.0, 0.0, 0.0, 1.0, 1.0, 0.7999999999999999, 0.9000000000000001, 1.0, 0.0, 1.0, 0.6000000000000001, 0.0, 0.0, 1.0, 1.0, 0.1, 0.0, 0.0, 1.0000000000000002, 0.0, 1.0, 0.0, 0.0, 1.0000000000000002, 0.30000000000000004, 0.7000000000000001, 1.0, 0.0, 0.0, 1.0, 0.9999999999999999, 0.8, 1.0, 0.0, 0.0, 0.1, 0.0, 1.0000000000000002, 0.0, 0.0, 0.0, 0.0, 0.0, 0.2, 0.0, 1.0, 1.0, 0.0, 0.9, 0.0, 1.0, 1.0000000000000002, 1.0, 0.0, 1.0, 0.0, 1.0, 0.0, 0.2, 0.9000000000000001, 0.0, 0.2, 0.0, 1.0, 0.2, 1.0, 1.0, 0.0, 1.0, 0.0, 0.0, 0.8, 1.0, 0.0, 0.0, 0.2, 0.1, 0.0, 1.0, 0.0, 0.0, 0.0, 0.0, 0.4, 0.1, 0.0, 1.0, 0.9, 0.0, 0.0, 0.0, 0.0, 0.0, 0.0, 0.0, 1.0, 1.0, 0.0, 1.0, 1.0000000000000002, 1.0000000000000002, 1.0000000000000002, 0.0, 0.0, 0.0, 1.0, 0.0, 1.0, 0.0, 1.0, 0.0, 0.0, 0.0, 1.0, 0.0, 0.0, 0.0, 0.30000000000000004, 1.0, 0.0, 0.0, 0.9, 1.0000000000000002, 0.0, 0.1, 0.0, 0.8, 0.0, 1.0, 1.0, 0.8, 0.0, 0.0, 1.0, 0.9000000000000001, 0.9, 0.0, 0.0, 0.0, 0.5, 0.0, 0.0, 0.0, 1.0, 0.0, 0.0, 1.0, 0.0, 0.0, 1.0, 0.1, 0.0, 1.0, 0.30000000000000004, 0.0, 1.0, 1.0, 1.0, 1.0, 0.0, 0.30000000000000004, 0.1, 0.0, 0.0, 0.0, 0.0, 0.0, 0.0, 0.0, 0.8, 0.0, 1.0, 1.0000000000000002, 1.0, 0.7000000000000001, 0.9000000000000001, 0.1, 1.0, 1.0, 0.0, 0.1, 1.0000000000000002, 0.0, 1.0, 0.0, 0.0, 1.0, 1.0, 1.0000000000000002, 0.1, 1.0, 1.0, 0.0, 0.0, 0.0, 1.0, 0.30000000000000004, 0.5, 0.0, 0.0, 0.0, 1.0, 0.6000000000000001, 0.0, 0.6000000000000001, 0.0, 0.0, 0.9000000000000001, 1.0, 1.0, 0.1, 0.0, 0.0, 0.9, 1.0, 0.9000000000000001, 0.0, 0.0, 0.7999999999999999, 1.0000000000000002, 0.7999999999999999, 0.1, 0.9000000000000001, 1.0, 0.8, 1.0, 0.0, 0.0, 1.0, 0.7000000000000001, 0.0, 0.6000000000000001, 0.0, 0.0, 0.0, 1.0, 0.0, 1.0, 0.0, 0.0, 1.0, 0.2, 0.1, 1.0000000000000002, 0.0, 1.0, 0.30000000000000004, 1.0, 0.0, 1.0, 0.0, 0.0, 1.0000000000000002, 1.0, 1.0, 1.0, 0.7000000000000001, 1.0, 0.0, 1.0, 0.0, 0.0, 0.0, 1.0, 1.0, 0.0, 0.0, 0.1, 1.0, 0.0, 1.0, 0.0, 0.0, 1.0, 1.0, 0.0, 0.0, 1.0, 0.0, 1.0, 0.1, 0.6000000000000001, 0.1, 0.0, 0.0, 1.0, 0.6000000000000001, 1.0000000000000002, 1.0, 0.0, 1.0, 1.0, 1.0, 1.0, 0.4, 1.0, 0.0, 0.9, 0.30000000000000004, 0.2, 1.0, 1.0, 1.0, 0.0, 0.0, 0.0, 1.0, 0.1, 1.0, 0.0, 0.0, 0.0, 0.0, 0.0, 0.0, 1.0, 0.30000000000000004, 1.0, 0.0, 1.0, 0.0, 1.0, 0.0, 0.4, 0.0, 0.0, 0.0, 0.8, 1.0, 0.0, 0.0, 1.0, 0.0, 1.0, 0.0, 0.0, 0.0, 0.0, 0.0, 1.0, 0.4, 1.0, 0.0, 0.0, 0.0, 0.0, 1.0, 1.0, 0.0, 1.0, 1.0, 0.6, 1.0, 1.0, 0.6000000000000001, 1.0, 1.0000000000000002, 0.0, 1.0000000000000002, 0.1, 0.0, 0.0, 1.0, 1.0, 1.0, 1.0000000000000002, 1.0, 0.0, 1.0, 0.0, 0.0, 1.0, 1.0, 0.1, 1.0, 1.0, 0.4, 1.0, 1.0, 0.9000000000000001, 0.0, 1.0, 1.0, 1.0, 1.0, 0.0, 1.0, 0.7, 0.0, 1.0, 1.0, 1.0, 0.0, 1.0, 0.0, 1.0, 0.0, 1.0000000000000002, 0.0, 0.0, 0.9999999999999999, 1.0, 1.0, 0.9999999999999999, 1.0, 0.4, 0.0, 1.0, 0.0, 1.0, 0.0, 0.0, 0.0, 1.0, 0.0, 0.0, 0.1, 0.0, 0.9, 0.9, 0.0, 0.9, 0.0, 1.0, 0.4, 1.0, 1.0, 0.0, 0.0, 1.0000000000000002, 0.0, 0.8, 0.0, 0.0, 1.0, 0.7000000000000001, 1.0, 0.9000000000000001, 0.0, 1.0000000000000002, 0.6000000000000001, 0.7000000000000001, 0.1, 1.0, 0.0, 1.0, 1.0, 1.0, 0.0, 1.0, 0.0, 1.0, 1.0, 0.0, 1.0, 0.0, 0.9000000000000001, 0.9, 0.1, 0.6000000000000001, 0.0, 1.0, 1.0, 0.0, 0.0, 1.0, 0.0, 0.0, 0.7000000000000001, 1.0, 0.2, 1.0, 0.0, 1.0, 0.0, 0.0, 0.0, 0.0, 0.0, 0.8, 1.0, 1.0, 1.0, 1.0, 1.0000000000000002, 0.9000000000000001, 0.0, 0.30000000000000004, 1.0, 1.0000000000000002, 0.0, 1.0, 0.8, 0.0, 0.0, 1.0000000000000002, 0.4, 0.7000000000000001, 0.0, 1.0, 0.9, 1.0, 0.0, 0.0, 0.0, 1.0, 1.0, 0.0, 1.0000000000000002, 1.0, 0.0, 1.0, 1.0, 1.0, 0.0, 1.0, 0.1, 1.0, 0.7000000000000001, 1.0, 1.0, 0.0, 1.0, 0.0, 1.0, 0.9, 0.0, 1.0, 0.9, 0.4, 0.0, 1.0, 0.0, 0.7, 0.0, 0.0, 0.4, 0.0, 0.7000000000000001, 0.30000000000000004, 0.0, 1.0, 0.0, 1.0, 0.0, 0.9, 0.1, 0.0, 0.0, 1.0, 1.0, 0.0, 0.0, 0.0, 0.0, 0.9, 1.0, 0.0, 0.6, 1.0, 0.5, 0.0, 1.0, 0.0, 0.0, 1.0, 0.5, 0.6, 0.0, 0.0, 1.0, 1.0, 1.0, 1.0000000000000002, 0.0, 1.0, 0.0, 0.1, 0.0, 0.9, 0.2, 1.0, 0.8, 0.0, 0.0, 1.0, 1.0000000000000002, 0.0, 0.0, 0.0, 0.7, 1.0, 0.0, 0.8, 0.5, 0.0, 1.0, 0.0, 1.0000000000000002, 0.0, 1.0, 0.0, 0.0, 0.0, 0.0, 1.0, 1.0, 0.0, 0.0, 1.0, 1.0, 1.0, 0.0, 0.30000000000000004, 1.0, 0.0, 0.0, 0.0, 1.0, 1.0, 0.5, 0.0, 0.0, 0.6000000000000001, 1.0000000000000002, 0.0, 0.2, 0.30000000000000004, 0.7000000000000001, 0.0, 0.4, 0.0, 0.0, 1.0, 0.5, 0.0, 1.0, 0.0, 0.0, 1.0, 1.0, 0.0, 0.1, 0.0, 1.0000000000000002, 0.0, 0.0, 0.5, 0.0, 0.8, 0.4, 1.0000000000000002, 1.0, 0.0, 0.0, 1.0, 0.1, 0.0, 0.0, 0.8999999999999999, 1.0, 1.0, 1.0, 1.0, 0.5, 0.0, 0.8, 0.4, 0.0, 1.0, 0.0, 0.0, 0.0, 0.0, 1.0, 0.0, 1.0, 1.0, 1.0, 1.0, 0.0, 0.0, 0.0, 1.0, 0.2, 0.0, 0.1, 1.0, 1.0, 1.0, 0.0, 0.0, 0.0, 1.0, 0.0, 1.0, 0.0, 0.0, 1.0, 0.0, 0.0, 0.0, 0.0, 0.30000000000000004, 1.0, 0.7, 0.0, 0.0, 1.0, 0.0, 0.1, 1.0, 1.0000000000000002, 0.4, 