{"dataset_name": "trec", "noise_ratio": 0.252533280349692, "coverage": 1.0, "noisy_class_distribution": [0.19709914563878403, 0.20683488972779654, 0.2088217762765746, 0.06636201072918736, 0.1565666600437115, 0.16431551758394597], "class_distribution": [0.21060997417047486, 0.23147228293264455, 0.2235247367375323, 0.016093781045102326, 0.15140075501688854, 0.16689847009735745], "accuracy": 0.724, "balanced_accuracy": 0.7008, "log_loss": 1.2144, "ranking_quality": [0.6374, 0.1636, 0.0841, 0.6377, 0.6471, 0.6706], "detector_name": "gb_forget", "handler_name": "filter", "fitting_time": 224.00465092156082, "params": {"splitter__quantile": 0.1, "detector__base_model__learning_rate": 0.0010374354042526812, "detector__base_model__reg_lambda": 14.713795395311047, "estimator__sgd__alpha": 0.00010415057039365039, "estimator__sgd__eta0": 0.06290988426365685}, "commit": "44320d89d302b12253cc26dc4054148c2b858f86", "hostname": "r-marcel-c3-8440-01", "trust_scores": [0, -6, 0, 0, -12, -11, -2, 0, -13, 0, 0, -12, -12, 0, 0, 0, 0, 0, 0, 0, -12, 0, -1, -11, 0, 0, -11, 0, 0, 0, -11, -2, 0, 0, -11, 0, -11, -12, 0, 0, 0, 0, -3, -3, -12, 0, 0, 0, 0, -20, 0, -12, 0, -6, -11, 0, 0, -12, -1, 0, -15, -7, 0, 0, 0, 0, -12, -3, 0, -12, 0, -12, -11, -12, -11, 0, 0, 0, -11, 0, 0, 0, -12, 0, 0, 0, 0, 0, 0, 0, -2, 0, 0, 0, -2, -1, 0, -12, 0, 0, 0, 0, 0, 0, 0, -11, 0, 0, 0, 0, -11, -1, 0, 0, 0, -11, -11, 0, -2, -8, 0, 0, 0, -11, 0, 0, -3, -12, 0, 0, 0, 0, 0, 0, 0, 0, 0, -12, 0, -20, -12, -12, -11, -11, 0, -15, -11, -7, 0, 0, -11, 0, 0, 0, -12, -12, 0, 0, 0, 0, -12, -12, -11, -12, 0, 0, -17, 0, -11, -12, -12, 0, 0, 0, 0, -1, 0, -11, 0, -11, -12, -12, 0, -8, 0, -12, 0, 0, -12, 0, 0, -11, 0, -2, 0, 0, 0, 0, 0, 0, 0, -11, 0, 0, 0, -11, 0, 0, 0, 0, 0, 0, 0, -10, 0, 0, 0, 0, 0, 0, -11, -12, -11, -12, 0, 0, 0, 0, -12, 0, -11, 0, -12, -1, -12, 0, 0, 0, -11, 0, 0, 0, 0, 0, 0, 0, -3, 0, -11, 0, 0, 0, 0, 0, 0, 0, -17, 0, 0, -2, 0, 0, -2, 0, 0, -12, 0, 0, 0, 0, -11, 0, 0, 0, 0, -11, 0, -11, -11, -2, 0, 0, 0, -3, 0, 0, -11, 0, -12, 0, 0, 0, 0, -7, 0, -2, 0, -11, 0, 0, 0, 0, -1, 0, 0, 0, -3, -8, -12, -11, 0, 0, 0, -12, -3, -2, -7, -2, 0, 0, 0, -12, 0, -11, -12, 0, -12, 0, 0, -3, -12, -11, 0, -1, -11, 0, -11, 0, 0, -12, 0, 0, 0, 0, -11, -7, -2, 0, -12, 0, 0, -12, 0, 0, 0, 0, -11, 0, -12, 0, -3, 0, 0, 0, 0, -11, 0, 0, -11, -9, 0, 0, -11, -7, 0, -11, 0, -11, -11, 0, 0, 0, 0, 0, -20, -11, 0, 0, 0, 0, -7, 0, 0, 0, -12, -3, 0, 0, -12, -12, 0, -5, 0, 0, -11, 0, 0, 0, 0, -1, -11, -11, -12, 0, -12, -12, 0, 0, 0, -11, -7, -7, 0, -2, -3, 0, 0, 0, 0, 0, -3, -12, -3, 0, -12, -11, 0, 0, -11, -12, 0, 0, -11, 0, 0, 0, -12, 0, -3, -12, 0, -6, 0, 0, 0, 0, 0, -11, 0, -12, -2, 0, -12, -12, -12, -11, 0, -12, 0, -11, 0, 0, -11, 0, 0, 0, 0, 0, 0, 0, 0, 0, 0, -12, -11, 0, 0, 0, 0, 0, 0, 0, 0, -11, 0, 0, 0, 0, 0, -12, 0, -2, 0, 0, 0, 0, -12, 0, -11, 0, 0, 0, -12, 0, 0, -11, 0, 0, 0, 0, 0, 0, -2, 0, 0, 0, 0, -3, 0, -11, 0, 0, 0, -12, -3, -5, 0, -12, 0, -2, -11, 0, 0, 0, -11, 0, 0, -6, 0, -11, -1, -11, -12, -11, -1, -3, -11, -11, -3, -13, 0, -11, -12, -2, -12, -4, -8, 0, -11, 0, 0, 0, -8, -12, 0, -12, 0, 0, 0, 0, 0, 0, 0, 0, 0, -12, -12, 0, -11, -12, -3, 0, -1, -11, 0, 0, -12, -12, 0, -11, -1, 0, -11, 0, -8, 0, 0, 0, 0, -12, 0, 0, 0, -3, -12, 0, 0, -12, 0, 0, -12, -6, 0, 0, -11, 0, -12, 0, -12, 0, -11, -3, 0, 0, 0, -7, -3, -12, -1, -11, -11, 0, 0, 0, -11, -12, 0, 0, 0, -12, 0, -12, -11, -12, 0, -3, -11, 0, -11, -11, -11, -1, -11, -12, 0, 0, 0, -1, 0, 0, 0, 0, -12, 0, 0, 0, -12, 0, 0, 0, -12, 0, -11, -6, -1, -12, 0, -11, -11, 0, 0, 0, 0, -1, -12, -3, -11, 0, 0, 0, -12, 0, 0, 0, 0, 0, -8, 0, 0, -12, -11, -12, -12, -17, 0, -11, -11, 0, 0, 0, 0, 0, 0, 0, -11, -12, -12, -11, -12, 0, 0, -3, -8, -12, -9, 0, 0, 0, -6, 0, 0, 0, -20, 0, 0, 0, 0, -11, 0, 0, -1, -7, 0, 0, 0, 0, -11, 0, -20, 0, -2, 0, -11, -11, -11, 0, 0, -11, -11, 0, -12, -3, -3, -6, 0, 0, -12, -11, 0, 0, -12, 0, -12, 0, 0, -1, 0, 0, 0, 0, -12, -6, 0, 0, 0, -20, -12, 0, 0, 0, 0, 0, -11, 0, -2, 0, 0, -12, -12, -12, 0, 0, 0, 0, -11, -12, -3, -12, 0, -11, 0, 0, 0, -12, -11, 0, -12, -3, -2, 0, 0, -1, 0, 0, -12, 0, 0, 0, 0, 0, -11, 0, 0, -12, -12, -17, 0, 0, -8, 0, 0, -11, 0, 0, 0, 0, 0, -6, -12, 0, 0, -11, 0, 0, -12, -3, -11, 0, -11, 0, -11, 0, 0, -12, -12, 0, -1, -11, 0, 0, 0, -11, 0, 0, 0, -11, 0, 0, -11, -11, -11, 0, -7, -12, 0, -12, 0, -3, 0, 0, 0, 0, 0, 0, -11, 0, 0, -11, -12, 0, 0, -11, -11, 0, 0, 0, 0, -15, -12, 0, -12, -11, -12, -2, -3, 0, 0, 0, 0, 0, -7, 0, 0, 0, -2, 0, -2, 0, 0, -8, -12, -11, -12, -11, 0, 0, 0, -11, 0, -9, 0, 0, 0, -12, -1, -1, 0, -11, -7, 0, 0, 0, 0, 0, 0, -1, -11, 0, 0, 0, 0, 0, 0, 0, 0, 0, 0, -11, 0, -12, 0, -11, 0, -1, 0, 0, -3, -2, 0, 0, 0, -5, 0, -12, -1, 0, -11, 0, -12, -12, -11, 0, 0, -11, -11, 0, 0, 0, 0, -5, 0, -11, 0, -7, 0, -12, -12, 0, 0, 0, -11, 0, 0, -12, -12, 0, 0, -8, 0, 0, 0, -12, 0, -12, 0, -6, 0, -3, -20, -8, 0, 0, -2, 0, 0, -12, 0, -11, 0, 0, 0, 0, -11, 0, 0, 0, -11, 0, 0, 0, -12, 0, -17, 0, 0, 0, 0, 0, 0, -11, -11, 0, 0, -12, 0, 0, 0, -11, -1, 0, 0, 0, -3, 0, 0, -7, 0, 0, 0, -12, -11, 0, -7, 0, 0, -11, 0, -12, 0, -4, -12, -3, 0, 0, 0, -2, 0, -7, 0, 0, 0, -11, -12, -12, -12, 0, 0, -11, -3, 0, -12, 0, 0, 0, 0, 0, 0, -2, -12, 0, 0, 0, -8, -1, -5, -6, 0, -3, -12, -11, -11, 0, 0, -7, -2, -3, -3, -12, -12, -7, 0, -5, 0, 0, 0, 0, -1, -12, -12, 0, 0, -11, -9, 0, 0, 0, -11, 0, 0, -1, -12, 0, 0, 0, -11, -4, -11, -12, 0, 0, 0, 0, 0, 0, 0, -12, 0, 0, 0, -12, 0, -3, 0, -7, 0, 0, -2, -3, 0, 0, -12, 0, 0, -11, -12, -11, -11, 0, -11, 0, -7, 0, -7, 0, -12, 0, -11, 0, 0, -12, 0, 0, 0, -11, 0, 0, -11, 0, 0, 0, 0, -1, -15, 0, -14, 0, 0, -6, -3, 0, 0, -12, -12, 0, 0, 0, -12, -12, -11, 0, 0, 0, 0, -7, 0, 0, -12, -6, -8, 0, -12, -20, 0, -11, 0, -11, 0, 0, -11, 0, 0, -11, 0, -12, 0, -11, -12, -4, -11, 0, 0, -2, 0, 0, 0, 0, -3, -7, 0, 0, 0, 0, 0, -5, -11, 0, -11, -7, -11, -1, 0, -11, -11, 0, -11, 0, 0, 0, 0, -12, -11, -12, 0, -12, -2, 0, -11, -12, 0, 0, 0, 0, 0, 0, 0, -7, 0, -12, -2, -3, 0, -11, -3, -1, -12, -12, -12, -12, 0, -12, 0, 0, 0, -12, -6, 0, -11, 0, -3, -12, 0, 0, -12, 0, 0, 0, -11, 0, 0, -12, 0, 0, -7, 0, 0, 0, -11, -12, 0, 0, 0, -3, -11, -11, 0, 0, 0, -8, -3, 0, -5, -2, -11, 0, 0, 0, -7, 0, 0, 0, -12, 0, 0, 0, 0, 0, 0, -11, 0, 0, 0, 0, -3, 0, 0, 0, -9, 0, -11, -11, 0, 0, 0, 0, -2, 0, 0, 0, 0, -11, 0, 0, -3, 0, -12, 0, -8, -12, 0, -3, 0, -11, 0, -12, 0, -1, 0, -8, -7, 0, 0, 0, 0, 0, 0, 0, 0, -12, -11, 0, -11, 0, 0, 0, 0, 0, 0, -11, 0, 0, 0, 0, 0, 0, -12, 0, 0, 0, 0, 0, -12, 0, 0, 0, -1, -2, 0, 0, 0, 0, 0, -20, 0, -13, 0, 0, 0, 0, -3, -12, 0, -5, 0, -7, 0, 0, 0, -12, -12, 0, -11, 0, -2, -8, -2, 0, 0, -12, 0, 0, 0, -12, 0, 0, 0, -12, 0, -17, 0, 0, -11, 0, -12, -12, -11, 0, 0, 0, 0, 0, 0, 0, 0, -12, 0, -7, 0, 0, 0, 0, -11, 0, -11, 0, 0, 0, 0, -12, 0, -8, -12, 0, 0, 0, 0, 0, -3, 0, -11, 0, -12, -12, 0, -12, -11, -6, 0, 0, 0, -12, 0, 0, -11, 0, -12, 0, 0, -2, -7, 0, -2, 0, -7, 0, -8, -11, 0, 0, 0, -11, 0, -3, -11, -2, -11, -3, 0, 0, -2, 0, 0, 0, -11, 0, 0, 0, 0, 0, 0, -11, 0, -3, 0, 0, 0, 0, 0, 0, -11, 0, -12, 0, -11, -12, -17, 0, 0, 0, -7, -12, -7, 0, 0, 0, -12, 0, -12, 0, 0, 0, -12, 0, -12, 0, 0, 0, -11, -12, -7, -11, 0, 0, 0, 0, 0, -18, 0, -11, 0, 0, -12, 0, -11, 0, 0, -12, 0, 0, -12, -11, -12, -2, -7, 0, 0, 0, 0, 0, 0, -11, -7, -12, -12, -12, 0, -3, 0, 0, 0, 0, -11, 0, 0, 0, -3, -11, 0, 0, -12, 0, -11, 0, 0, 0, 0, 0, -6, -3, 0, -11, 0, -12, -8, 0, -11, -3, 0, -11, 0, -4, 0, 0, 0, 0, 0, 0, -11, 0, -12, 0, -12, 0, 0, 0, 0, -8, 0, -1, 0, 0, 0, -3, -11, -11, -2, 0, 0, 0, -3, 0, 0, 0, -12, 0, 0, -3, 0, 0, 0, -2, -11, 0, -12, -11, 0, -12, 0, -11, 0, 0, -11, 0, -2, 0, 0, -12, -7, -11, 0, -11, 0, 0, -1, 0, 0, 0, -20, -1, 0, 0, -3, 0, 0, -3, -12, 0, 0, 0, 0, 0, 0, -8, -11, 0, 0, 0, 0, -12, -11, 0, 0, -11, 0, 0, 0, -3, 0, -6, 0, -2, -3, 0, 0, 0, -1, 0, 0, 0, 0, 0, 0, 0, -17, -12, -11, 0, 0, 0, 0, -11, -11, 0, -2, -12, -11, 0, -11, 0, 0, -1, 0, 0, -12, 0, 0, -11, 0, 0, 0, 0, 0, -12, -11, 0, -12, 0, 0, -2, -11, 0, 0, -12, 0, 0, 0, 0, 0, -12, -12, -11, 0, -11, 0, 0, 0, 0, -11, 0, 0, 0, -11, 0, 0, 0, -12, 0, -3, 0, -12, 0, 0, 0, 0, -3, 0, -15, -8, 0, 