{"dataset_name": "commercial", "noise_ratio": 0.14752845782005297, "coverage": 1.0, "noisy_class_distribution": [0.6529081553095275, 0.3470918446904725], "class_distribution": [0.7179167316388586, 0.28208326836114145], "accuracy": 0.9418, "balanced_accuracy": 0.9269, "log_loss": 0.1624, "ranking_quality": [0.0, 0.0], "detector_name": "gold", "handler_name": "filter", "fitting_time": 253.93481134064496, "params": {"learning_rate": 0.0753366294489059, "reg_lambda": 40.514057698984764}, "commit": "727adac33d0dc2a1524b523904fa242325731100", "hostname": "r-marcel-c3-8440-03"}