{"dataset_name": "mushroom", "noise_ratio": 0.13238697731831506, "coverage": 0.9972303431297123, "noisy_class_distribution": [0.4917451010646505, 0.5082548989353495], "class_distribution": [0.5122326511771041, 0.48776734882289585], "accuracy": 0.9668, "balanced_accuracy": 0.9656, "log_loss": 0.192, "ranking_quality": [1.0, 1.0], "detector_name": "silver", "handler_name": "filter", "fitting_time": 24.595895788632333, "params": {"learning_rate": 0.0041203894265884715}, "commit": "6299e72666b77eb6542caf562ba7bde2b353704c", "hostname": "r-marcel-c3-8440-01"}