{"dataset_name": "youtube", "noise_ratio": 0.149402390438247, "coverage": 0.8932384341637011, "noisy_class_distribution": [0.5517928286852589, 0.448207171314741], "class_distribution": [0.4750889679715303, 0.5249110320284698], "accuracy": 0.912, "balanced_accuracy": 0.9077, "log_loss": 0.2479, "ranking_quality": [0.9383, 0.8549], "detector_name": "klm_consensus", "handler_name": "filter", "fitting_time": 5.026451277546585, "params": {"splitter__threshold": 0.5, "detector__base_model__sgd__alpha": 5.783665529842254e-05, "detector__base_model__sgd__eta0": 0.005147817511247373, "estimator__sgd__alpha": 2.1074027591984123e-05, "estimator__sgd__eta0": 0.403958257440566}, "commit": "87401ba1c2902fa3f83590d5e5b7e2debbd6f13d", "hostname": "r-marcel-c3-8440-02", "trust_scores": [1.0, 1.0, 0.0, 1.0, 1.0, 1.0, 1.0, 0.0, 1.0, 0.0, 0.0, 1.0, 0.0, 1.0, 1.0, 1.0, 0.9, 1.0, 1.0, 1.0000000000000002, 1.0000000000000002, 1.0, 0.0, 1.0, 1.0, 1.0, 1.0, 1.0, 0.0, 0.0, 0.2, 1.0, 0.4, 0.0, 1.0, 1.0, 1.0, 1.0, 1.0, 1.0000000000000002, 1.0, 1.0, 1.0, 1.0, 1.0, 1.0, 1.0, 0.8, 0.0, 1.0, 1.0, 0.9, 0.0, 0.9999999999999999, 1.0, 0.0, 0.0, 1.0, 0.2, 1.0, 0.0, 1.0, 0.9, 0.0, 1.0000000000000002, 0.2, 1.0, 1.0, 0.0, 1.0, 1.0, 0.0, 0.0, 0.0, 1.0, 1.0, 1.0, 1.0, 1.0, 1.0, 0.0, 1.0000000000000002, 1.0, 1.0, 1.0, 1.0, 1.0, 1.0, 1.0, 1.0, 1.0, 1.0, 1.0, 0.9000000000000001, 1.0, 1.0, 1.0, 1.0, 1.0, 1.0, 1.0, 1.0, 1.0, 1.0, 0.0, 1.0, 1.0, 1.0, 1.0, 1.0, 0.0, 0.8, 1.0, 1.0, 0.0, 1.0, 1.0000000000000002, 1.0, 0.0, 1.0, 1.0, 0.0, 1.0, 1.0, 0.5, 1.0, 1.0, 1.0, 0.2, 1.0, 1.0, 1.0, 0.0, 1.0, 1.0000000000000002, 1.0000000000000002, 1.0, 1.0, 1.0, 0.0, 1.0, 1.0, 1.0, 1.0, 1.0, 0.1, 0.8, 1.0000000000000002, 1.0, 1.0, 1.0, 1.0, 0.0, 1.0, 1.0, 1.0, 1.0, 1.0, 1.0, 0.0, 1.0, 1.0000000000000002, 1.0, 1.0, 1.0, 1.0, 0.7999999999999999, 1.0, 0.0, 1.0, 1.0, 1.0, 1.0, 1.0, 1.0, 1.0, 0.0, 0.0, 1.0, 1.0000000000000002, 1.0000000000000002, 0.0, 0.0, 1.0000000000000002, 0.0, 1.0, 1.0, 0.4, 0.0, 1.0000000000000002, 1.0, 1.0, 0.0, 0.0, 1.0, 1.0, 0.0, 0.0, 0.0, 1.0, 1.0, 1.0, 0.0, 1.0, 1.0, 1.0, 1.0, 1.0, 1.0, 0.0, 1.0, 0.2, 1.0, 1.0, 1.0, 0.0, 0.0, 1.0, 0.2, 0.0, 0.0, 1.0, 1.0, 0.0, 1.0, 1.0, 1.0, 1.0, 1.0, 1.0, 1.0, 0.0, 1.0000000000000002, 1.0, 1.0, 1.0, 1.0, 1.0000000000000002, 1.0000000000000002, 1.0, 1.0, 1.0, 1.0, 0.0, 0.0, 1.0, 0.2, 1.0, 0.8999999999999999, 1.0, 1.0000000000000002, 1.0, 1.0, 1.0, 0.8999999999999999, 1.0, 1.0, 1.0, 1.0000000000000002, 1.0, 0.0, 0.0, 0.0, 1.0000000000000002, 0.0, 0.0, 0.2, 1.0, 1.0000000000000002, 0.0, 0.6000000000000001, 1.0, 1.0, 0.4, 0.4, 0.2, 0.0, 1.0, 1.0, 1.0, 0.0, 0.9, 0.1, 0.0, 0.0, 1.0, 1.0, 0.0, 1.0, 1.0, 0.9999999999999999, 0.0, 1.0, 1.0, 1.0000000000000002, 0.0, 1.0, 0.7000000000000001, 1.0, 1.0, 1.0, 1.0, 1.0, 1.0, 1.0, 1.0, 1.0, 1.0, 1.0, 0.2, 0.8, 1.0, 1.0, 1.0, 0.0, 1.0000000000000002, 1.0, 0.0, 0.0, 0.1, 0.0, 0.0, 1.0000000000000002, 1.0, 1.0, 0.6000000000000001, 1.0, 0.1, 1.0, 0.0, 0.0, 0.0, 0.0, 1.0000000000000002, 0.5, 0.6000000000000001, 1.0, 1.0, 0.0, 0.0, 1.0000000000000002, 0.0, 1.0, 1.0, 1.0, 1.0, 1.0, 1.0, 0.9, 1.0, 1.0, 1.0, 1.0, 1.0, 1.0, 1.0000000000000002, 0.1, 0.0, 0.0, 1.0, 0.0, 1.0, 1.0, 1.0, 1.0, 1.0, 1.0, 0.9000000000000001, 1.0000000000000002, 0.0, 1.0, 0.9999999999999999, 1.0, 1.0000000000000002, 0.0, 0.0, 0.0, 1.0, 1.0, 0.1, 0.6, 0.0, 1.0, 1.0, 1.0000000000000002, 1.0000000000000002, 1.0, 1.0, 0.0, 1.0, 1.0, 1.0, 0.0, 1.0, 1.0, 1.0, 1.0, 0.0, 1.0, 1.0, 1.0, 1.0, 1.0, 1.0, 1.0, 0.0, 1.0, 1.0000000000000002, 0.1, 1.0, 1.0, 0.8, 1.0000000000000002, 0.9, 1.0, 0.8, 1.0, 1.0, 1.0, 1.0, 0.5, 1.0, 1.0000000000000002, 1.0, 0.0, 1.0, 0.8, 0.7000000000000001, 1.0, 1.0, 1.0, 1.0, 1.0, 0.0, 0.9, 1.0000000000000002, 0.0, 1.0, 1.0, 1.0, 1.0, 0.9999999999999999, 0.0, 0.0, 0.1, 1.0, 1.0, 1.0, 0.0, 1.0000000000000002, 1.0, 1.0, 1.0, 0.0, 0.7000000000000001, 1.0, 0.0, 1.0, 1.0, 0.2, 1.0, 0.0, 1.0, 0.0, 1.0, 0.0, 1.0000000000000002, 1.0, 1.0, 1.0, 1.0000000000000002, 1.0, 1.0, 1.0, 1.0, 1.0000000000000002, 1.0, 0.6000000000000001, 1.0, 1.0, 1.0, 1.0, 1.0000000000000002, 1.0, 1.0, 0.0, 1.0, 1.0, 0.0, 1.0000000000000002, 1.0, 0.9999999999999999, 1.0, 1.0, 0.0, 1.0, 1.0000000000000002, 0.2, 1.0, 1.0, 0.0, 1.0, 1.0, 0.2, 1.0, 1.0, 1.0, 1.0, 0.0, 1.0, 1.0, 1.0, 1.0, 0.30000000000000004, 0.0, 1.0, 0.7000000000000001, 1.0, 1.0, 0.0, 1.0, 1.0000000000000002, 1.0, 1.0, 1.0, 1.0, 1.0, 0.0, 1.0, 1.0, 1.0, 0.0, 1.0, 1.0, 1.0, 0.0, 0.4, 0.8999999999999999, 1.0, 1.0, 1.0, 1.0, 0.30000000000000004, 1.0, 0.0, 1.0000000000000002, 1.0, 0.5, 0.8, 0.0, 1.0, 1.0, 1.0, 1.0, 1.0, 1.0, 1.0, 1.0, 1.0, 1.0000000000000002, 1.0, 1.0, 1.0, 0.0, 1.0, 1.0, 0.0, 1.0, 1.0, 0.0, 1.0000000000000002, 0.0, 1.0, 1.0, 0.4, 1.0, 1.0, 1.0000000000000002, 0.0, 1.0000000000000002, 1.0, 1.0000000000000002, 1.0, 1.0, 1.0, 0.0, 0.0, 1.0, 0.30000000000000004, 1.0, 1.0, 1.0, 1.0, 1.0, 1.0000000000000002, 0.0, 1.0, 1.0, 1.0, 1.0, 0.0, 0.9000000000000001, 1.0, 1.0000000000000002, 1.0, 1.0, 1.0, 1.0, 1.0000000000000002, 1.0, 1.0, 1.0000000000000002, 1.0, 0.0, 1.0000000000000002, 1.0, 1.0, 1.0, 1.0, 1.0, 1.0, 1.0, 1.0, 1.0, 1.0000000000000002, 1.0, 1.0, 1.0000000000000002, 1.0, 1.0, 0.0, 1.0, 1.0, 1.0, 1.0, 1.0, 1.0, 1.0, 1.0, 1.0, 1.0, 1.0, 1.0000000000000002, 1.0, 1.0, 0.9999999999999999, 1.0, 1.0, 1.0, 1.0, 1.0, 1.0, 1.0, 1.0, 1.0, 1.0, 1.0, 1.0000000000000002, 1.0, 0.0, 1.0, 1.0, 1.0, 1.0, 1.0, 1.0, 1.0, 1.0, 1.0, 1.0000000000000002, 1.0, 1.0, 1.0, 1.0, 1.0, 1.0, 1.0, 1.0, 1.0, 1.0, 1.0, 1.0, 1.0000000000000002, 0.0, 1.0, 1.0, 1.0, 1.0, 1.0, 0.0, 1.0, 1.0, 1.0, 1.0, 0.0, 1.0, 1.0, 1.0000000000000002, 0.0, 1.0000000000000002, 1.0000000000000002, 1.0, 1.0000000000000002, 1.0, 1.0, 1.0, 1.0, 1.0, 0.7999999999999999, 0.0, 1.0, 1.0, 1.0, 0.0, 1.0000000000000002, 1.0, 0.0, 1.0, 1.0, 1.0, 1.0, 1.0, 0.9999999999999999, 0.0, 1.0, 1.0, 1.0, 1.0, 1.0, 1.0000000000000002, 1.0, 1.0, 0.0, 0.9999999999999999, 1.0, 1.0, 1.0, 1.0, 1.0, 1.0000000000000002, 0.0, 1.0, 1.0, 1.0, 0.0, 1.0, 0.2, 1.0, 1.0000000000000002, 1.0, 1.0000000000000002, 0.0, 1.0, 1.0000000000000002, 1.0000000000000002, 1.0000000000000002, 1.0, 1.0, 1.0, 1.0, 0.9, 1.0, 0.0, 1.0, 1.0, 0.0, 1.0, 0.0, 1.0, 1.0, 1.0, 1.0, 1.0, 1.0, 1.0, 0.9999999999999999, 1.0, 1.0, 1.0, 0.0, 1.0, 1.0, 1.0, 1.0, 1.0, 1.0, 0.0, 1.0, 1.0, 1.0, 1.0, 1.0, 1.0, 1.0, 1.0, 1.0, 0.0, 0.5, 1.0, 1.0, 1.0, 0.9999999999999999, 1.0, 1.0, 1.0000000000000002, 0.0, 0.0, 1.0, 1.0, 1.0, 1.0, 1.0, 1.0, 1.0, 1.0, 1.0000000000000002, 1.0, 1.0000000000000002, 1.0, 1.0, 0.0, 0.0, 1.0, 1.0, 1.0, 1.0, 1.0, 1.0, 0.1, 1.0, 1.0, 1.0, 1.0, 1.0, 1.0, 1.0, 0.0, 0.0, 1.0, 1.0, 1.0, 1.0, 0.4, 1.0, 1.0000000000000002, 1.0, 1.0, 1.0, 1.0, 1.0, 1.0, 1.0, 1.0, 1.0, 1.0, 1.0, 1.0, 1.0, 1.0, 1.0, 1.0, 1.0, 1.0000000000000002, 1.0, 1.0, 1.0, 1.0, 1.0, 0.7000000000000001, 0.9999999999999999, 1.0, 1.0, 1.0, 1.0, 1.0, 1.0, 1.0, 1.0, 1.0, 1.0, 1.0, 1.0, 1.0, 1.0, 0.9999999999999999, 1.0000000000000002, 1.0, 1.0, 1.0, 0.2, 1.0, 1.0, 1.0000000000000002, 1.0, 1.0, 1.0, 1.0, 1.0, 1.0, 1.0, 1.0, 1.0000000000000002, 1.0, 1.0, 1.0, 0.9, 0.0, 1.0, 1.0, 1.0, 1.0, 1.0, 1.0, 1.0, 1.0, 1.0, 1.0, 0.4, 1.0000000000000002, 1.0000000000000002, 1.0, 0.6000000000000001, 1.0, 1.0000000000000002, 1.0, 1.0, 1.0, 1.0000000000000002, 1.0, 1.0, 1.0, 0.9000000000000001, 1.0, 1.0000000000000002, 1.0, 1.0, 1.0, 1.0000000000000002, 1.0, 1.0000000000000002, 1.0, 0.0, 1.0, 1.0, 0.0, 1.0, 1.0, 1.0, 1.0, 0.2, 1.0, 1.0, 1.0, 0.0, 1.0, 1.0, 1.0, 1.0, 1.0000000000000002, 1.0, 1.0, 1.0, 1.0, 1.0, 1.0, 1.0, 1.0, 1.0, 1.0000000000000002, 1.0000000000000002, 1.0000000000000002, 1.0, 1.0, 1.0, 1.0, 1.0000000000000002, 1.0, 1.0000000000000002, 1.0000000000000002, 1.0, 1.0, 1.0, 1.0, 1.0, 1.0, 1.0000000000000002, 1.0, 1.0, 1.0, 1.0, 1.0, 1.0, 1.0, 1.0, 1.0, 0.0, 1.0, 1.0, 1.0, 1.0, 1.0000000000000002, 0.0, 1.0000000000000002, 1.0, 1.0, 1.0, 1.0, 1.0, 1.0, 1.0, 1.0, 1.0, 1.0000000000000002, 1.0, 1.0, 1.0, 0.0, 1.0, 1.0000000000000002, 1.0, 1.0, 1.0, 0.0, 1.0000000000000002, 0.0, 1.0000000000000002, 1.0, 1.0, 1.0, 1.0, 1.0, 1.0, 1.0, 1.0000000000000002, 1.0, 