{"dataset_name": "yoruba", "noise_ratio": 0.40192153722978385, "coverage": 0.932089552238806, "noisy_class_distribution": [0.057646116893514815, 0.2530024019215372, 0.0600480384307446, 0.09687750200160128, 0.2746196957566053, 0.0656525220176141, 0.1921537229783827], "class_distribution": [0.0708955223880597, 0.18880597014925374, 0.03805970149253731, 0.3604477611940298, 0.24104477611940298, 0.03731343283582089, 0.06343283582089553], "accuracy": 0.4274, "balanced_accuracy": 0.3809, "log_loss": 1.5766, "ranking_quality": [0.271, 0.8466, 0.3913, 0.3344, 0.889, 0.5833, 0.331], "detector_name": "gb_consensus", "handler_name": "filter", "fitting_time": 1352.436551336199, "params": {"splitter__threshold": 0.0, "detector__base_model__learning_rate": 0.11911280098709698, "estimator__learning_rate": 0.0454904360449425}, "commit": "6299e72666b77eb6542caf562ba7bde2b353704c", "hostname": "r-marcel-c3-8440-01", "trust_scores": [0.0, 0.9, 1.0, 0.6000000000000001, 1.0, 0.8, 0.0, 0.9, 0.30000000000000004, 0.2, 0.0, 0.1, 0.8, 0.0, 0.5, 0.1, 1.0000000000000002, 1.0, 0.0, 0.30000000000000004, 1.0000000000000002, 1.0, 0.0, 1.0, 0.0, 1.0, 1.0000000000000002, 0.5, 0.0, 0.1, 0.7, 0.2, 0.0, 1.0, 0.1, 1.0, 0.1, 1.0, 1.0, 1.0, 0.4, 0.30000000000000004, 1.0, 0.1, 0.2, 1.0, 0.0, 0.9, 0.7000000000000001, 0.0, 1.0, 1.0, 0.1, 1.0, 0.0, 1.0, 1.0, 0.6, 1.0, 1.0, 0.9, 1.0, 1.0, 0.5, 0.2, 1.0, 0.5, 1.0, 1.0, 1.0000000000000002, 0.8, 0.0, 0.2, 0.30000000000000004, 1.0, 0.0, 1.0000000000000002, 0.5, 1.0, 0.30000000000000004, 0.4, 1.0, 0.8, 0.9, 1.0, 1.0, 1.0, 0.0, 0.0, 0.0, 0.0, 1.0, 1.0, 1.0, 0.9, 1.0, 1.0, 1.0, 0.30000000000000004, 0.0, 0.0, 0.0, 1.0000000000000002, 0.0, 0.0, 0.0, 0.0, 0.9, 0.0, 0.1, 1.0, 0.0, 1.0, 0.0, 1.0, 1.0, 0.4, 0.0, 1.0, 1.0, 1.0, 0.8, 0.0, 1.0, 1.0000000000000002, 0.1, 1.0000000000000002, 1.0, 0.0, 0.9000000000000001, 0.8, 0.9, 0.2, 1.0, 0.2, 0.0, 1.0, 0.5, 0.7, 0.1, 0.0, 0.2, 0.9, 1.0, 0.6000000000000001, 0.8, 1.0, 0.0, 0.5, 0.0, 0.0, 0.0, 0.2, 0.2, 0.0, 0.0, 1.0, 0.30000000000000004, 1.0, 0.0, 0.8, 0.30000000000000004, 0.0, 1.0, 0.0, 1.0, 1.0, 1.0, 0.0, 0.0, 0.0, 0.0, 1.0, 0.0, 0.9000000000000001, 1.0, 1.0, 1.0, 0.0, 0.5, 1.0, 0.0, 0.0, 0.9, 0.0, 1.0, 1.0, 0.6000000000000001, 0.5, 0.2, 1.0, 0.0, 1.0000000000000002, 0.7999999999999999, 1.0, 0.7000000000000001, 1.0000000000000002, 0.9, 1.0, 0.9000000000000001, 1.0, 0.0, 0.30000000000000004, 0.1, 0.5, 1.0, 0.1, 0.1, 0.9, 0.0, 1.0, 0.1, 0.9, 0.0, 0.0, 0.0, 1.0, 1.0, 0.7999999999999999, 0.8, 0.0, 0.0, 0.4, 0.1, 0.0, 1.0, 0.0, 0.8, 0.5, 1.0, 1.0, 1.0, 1.0, 0.2, 0.0, 0.9000000000000001, 0.0, 0.2, 0.8, 0.6000000000000001, 1.0, 1.0, 0.2, 0.9999999999999999, 1.0, 1.0, 0.0, 0.1, 0.0, 0.2, 0.9, 0.0, 0.5, 1.0, 0.5, 1.0, 1.0, 0.6, 0.0, 0.0, 0.9000000000000001, 0.0, 1.0, 0.0, 0.0, 0.0, 1.0, 0.7, 1.0000000000000002, 0.1, 1.0, 1.0, 1.0000000000000002, 0.4, 0.0, 1.0, 0.0, 1.0, 0.30000000000000004, 1.0, 0.9, 1.0, 0.9000000000000001, 1.0, 1.0, 0.5, 0.0, 1.0, 1.0, 0.0, 1.0, 0.0, 1.0, 0.9000000000000001, 1.0, 0.0, 0.4, 0.0, 0.0, 1.0000000000000002, 0.0, 1.0, 1.0, 0.1, 0.1, 0.0, 1.0, 1.0, 1.0000000000000002, 1.0, 0.0, 0.0, 0.8, 1.0000000000000002, 1.0000000000000002, 0.0, 0.8, 1.0, 0.1, 0.0, 1.0, 0.5, 1.0000000000000002, 0.0, 0.9000000000000001, 0.0, 0.2, 0.30000000000000004, 1.0, 0.0, 0.9, 0.7000000000000001, 0.5, 0.6000000000000001, 0.0, 0.2, 0.9, 0.0, 1.0, 0.6000000000000001, 0.8, 1.0, 0.0, 1.0, 1.0, 0.2, 1.0, 1.0, 1.0, 0.0, 0.9, 0.9, 1.0, 0.0, 0.4, 0.0, 0.0, 0.0, 1.0000000000000002, 0.1, 0.8, 1.0, 1.0, 1.0, 1.0, 1.0, 0.0, 0.0, 0.6000000000000001, 0.30000000000000004, 0.9999999999999999, 1.0000000000000002, 0.7000000000000001, 0.0, 1.0, 0.2, 1.0, 1.0, 1.0, 0.1, 0.0, 0.9, 0.30000000000000004, 0.2, 0.2, 0.30000000000000004, 1.0, 1.0, 0.4, 1.0, 0.2, 1.0000000000000002, 0.0, 0.0, 0.0, 1.0, 1.0, 1.0, 0.0, 0.0, 0.5, 0.1, 0.2, 1.0, 1.0, 0.0, 0.0, 0.0, 1.0, 0.4, 1.0000000000000002, 1.0, 1.0, 0.30000000000000004, 0.9, 0.0, 1.0, 0.1, 0.0, 0.0, 1.0, 1.0000000000000002, 1.0, 0.30000000000000004, 1.0, 1.0000000000000002, 0.0, 0.5, 0.0, 1.0, 0.1, 0.1, 1.0, 0.6, 0.0, 0.30000000000000004, 1.0, 0.0, 0.30000000000000004, 0.9, 1.0000000000000002, 1.0, 0.0, 0.0, 1.0, 1.0000000000000002, 0.0, 0.0, 0.0, 0.1, 0.5, 0.0, 1.0, 1.0, 0.0, 0.0, 0.6, 0.0, 0.0, 0.5, 0.0, 0.4, 0.0, 0.30000000000000004, 1.0, 1.0, 0.0, 1.0, 0.9, 1.0, 0.0, 1.0, 0.0, 1.0, 1.0, 0.0, 0.4, 1.0000000000000002, 0.0, 0.0, 1.0, 0.30000000000000004, 0.9000000000000001, 0.0, 0.4, 0.0, 0.0, 0.8, 1.0, 0.0, 0.0, 0.7, 0.1, 0.8, 1.0, 0.0, 0.0, 0.0, 0.9000000000000001, 1.0, 1.0000000000000002, 0.0, 0.0, 0.6, 0.0, 1.0000000000000002, 0.0, 1.0000000000000002, 0.7000000000000001, 0.0, 1.0, 0.1, 0.0, 1.0, 0.8, 0.0, 1.0, 0.5, 0.7999999999999999, 1.0, 0.0, 0.2, 0.30000000000000004, 1.0, 1.0, 1.0, 0.4, 1.0, 0.8, 1.0, 1.0, 1.0, 0.9, 1.0, 0.4, 0.1, 0.1, 0.8, 0.30000000000000004, 1.0, 1.0, 1.0, 1.0, 0.30000000000000004, 0.0, 1.0000000000000002, 1.0, 1.0, 0.0, 1.0, 0.6, 0.0, 0.30000000000000004, 0.0, 0.0, 0.0, 1.0, 1.0, 0.0, 1.0, 1.0, 0.0, 0.9, 0.1, 0.1, 0.0, 0.0, 0.0, 1.0, 0.0, 0.0, 1.0, 0.0, 1.0, 1.0, 0.6000000000000001, 1.0, 1.0000000000000002, 1.0, 1.0, 1.0, 0.7000000000000001, 1.0, 0.6, 1.0, 1.0000000000000002, 1.0, 0.9000000000000001, 0.9, 0.6000000000000001, 0.4, 0.0, 1.0, 0.6, 0.9000000000000001, 1.0, 0.9, 1.0, 0.2, 0.0, 1.0, 0.0, 0.1, 0.1, 0.0, 1.0000000000000002, 0.0, 0.0, 0.0, 1.0, 1.0, 0.0, 1.0, 0.7, 0.0, 1.0000000000000002, 0.0, 0.4, 0.6000000000000001, 1.0, 0.0, 0.9000000000000001, 0.9, 0.1, 1.0, 1.0, 0.0, 0.5, 1.0, 1.0000000000000002, 0.5, 0.1, 0.7000000000000001, 0.1, 0.6000000000000001, 0.0, 0.6000000000000001, 0.2, 1.0, 0.4, 1.0, 0.5, 0.0, 0.8, 0.0, 0.30000000000000004, 0.1, 0.6, 0.1, 0.0, 0.0, 0.0, 1.0, 0.1, 0.4, 0.2, 0.0, 0.1, 1.0, 0.2, 1.0, 0.1, 0.0, 0.1, 1.0000000000000002, 1.0, 1.0, 0.9, 0.4, 1.0, 0.0, 1.0, 0.9000000000000001, 0.8, 1.0, 0.7000000000000001, 0.7000000000000001, 1.0, 1.0, 0.0, 1.0, 0.0, 0.0, 0.0, 0.0, 0.0, 0.0, 0.0, 0.0, 1.0, 0.9999999999999999, 0.5, 0.9000000000000001, 0.0, 0.4, 0.0, 0.1, 0.7000000000000001, 1.0, 1.0, 0.9, 1.0, 0.9, 1.0, 0.9, 0.0, 1.0000000000000002, 1.0, 0.0, 1.0000000000000002, 0.0, 0.5, 0.0, 0.0, 1.0, 0.9, 0.9, 0.9000000000000001, 0.7999999999999999, 0.9, 0.6, 0.8, 0.0, 0.0, 1.0, 0.0, 1.0, 0.0, 0.4, 0.9, 0.0, 0.2, 0.30000000000000004, 0.8, 0.7000000000000001, 1.0, 0.5, 1.0, 1.0, 0.0, 1.0000000000000002, 0.0, 1.0, 0.4, 0.30000000000000004, 0.0, 0.0, 1.0, 1.0, 0.0, 1.0, 1.0, 0.9000000000000001, 0.0, 0.0, 1.0, 1.0, 0.1, 1.0, 0.0, 0.1, 1.0, 1.0, 0.0, 1.0, 0.0, 1.0, 0.0, 0.2, 0.0, 0.0, 0.8, 0.0, 0.0, 0.8, 0.0, 1.0, 0.0, 0.0, 1.0, 0.30000000000000004, 0.9, 0.0, 1.0000000000000002, 0.0, 1.0, 0.6, 0.7, 0.0, 0.7000000000000001, 0.0, 0.2, 0.0, 1.0, 1.0, 0.0, 1.0000000000000002, 0.0, 0.0, 0.0, 1.0, 0.9999999999999999, 0.0, 1.0000000000000002, 0.5, 0.0, 1.0, 0.8, 1.0000000000000002, 1.0, 0.0, 1.0, 0.6, 1.0, 1.0, 1.0, 0.2, 1.0, 1.0, 0.8, 0.2, 1.0, 0.0, 1.0, 0.7000000000000001, 0.8, 1.0, 0.4, 1.0, 0.4, 0.1, 0.0, 0.1, 1.0, 0.0, 0.9000000000000001, 1.0, 0.8, 1.0000000000000002, 0.7000000000000001, 0.9, 1.0000000000000002, 0.0, 0.7000000000000001, 1.0, 0.1, 0.9, 0.8, 0.0, 0.9000000000000001, 1.0, 0.0, 0.30000000000000004, 0.0, 0.0, 1.0, 0.8, 1.0, 0.4, 0.8, 0.2, 0.0, 1.0, 1.0, 0.0, 0.0, 0.0, 1.0, 0.1, 0.0, 1.0, 1.0, 0.4, 0.0, 0.2, 0.5, 1.0, 1.0, 0.0, 1.0000000000000002, 0.0, 0.0, 1.0, 0.2, 1.0, 1.0, 0.9, 0.1, 1.0, 0.8, 0.7000000000000001, 1.0, 0.4, 0.6000000000000001, 1.0000000000000002, 1.0, 0.0, 0.0, 0.0, 1.0, 0.2, 1.0000000000000002, 1.0, 0.0, 0.0, 1.0000000000000002, 1.0, 0.2, 0.1, 0.0, 0.0, 0.2, 0.2, 1.0, 0.30000000000000004, 0.0, 1.0, 0.0, 1.0000000000000002, 1.0, 0.0, 1.0000000000000002, 1.0, 1.0, 1.0, 0.0, 0.0, 0.8, 1.0, 0.4, 1.0, 1.0, 0.7000000000000001, 1.0, 0.1, 0.0, 0.1, 0.7, 1.0, 0.0, 1.0, 0.0, 0.1, 1.0, 0.5, 1.0, 0.0, 1.0, 1.0, 1.0, 0.0, 0.1, 1.0, 0.0, 1.0, 1.0000000000000002, 1.0, 0.0, 0.9999999999999999, 0.5, 0.4, 0.0, 0.8999999999999999, 0.9999999999999999, 1.0, 0.8, 1.0, 1.0, 0.9, 0.30000000000000004, 0.5, 1.0, 1.0, 1.0000000000000002, 0.0, 1.0, 