{"dataset_name": "amazon", "noise_ratio": 0.24501044159856578, "coverage": 0.65543125, "noisy_class_distribution": [0.20144179881566526, 0.7985582011843347], "class_distribution": [0.5004375, 0.4995625], "accuracy": 0.5367, "balanced_accuracy": 0.5365, "log_loss": 0.6647, "ranking_quality": [1.0, 1.0], "detector_name": "silver", "handler_name": "filter", "fitting_time": 14.924997591413558, "params": {"sgd__alpha": 0.0011648755011463812, "sgd__eta0": 0.18147350253126082}, "commit": "250af80d14f95a33efbf01b8c68d859df9c641c7", "hostname": "r-marcel-c3-abs20-12"}