{"dataset_name": "basketball", "noise_ratio": 0.24830272676683363, "coverage": 1.0, "noisy_class_distribution": [0.7659432387312187, 0.2340567612687813], "class_distribution": [0.8871452420701169, 0.11285475792988314], "accuracy": 0.9124, "balanced_accuracy": 0.7816, "log_loss": 0.2398, "ranking_quality": [1.0, 1.0], "detector_name": "silver", "handler_name": "filter", "fitting_time": 1.813169197179377, "params": {"sgd__alpha": 0.005401211614748401, "sgd__eta0": 0.005366115576971438}, "commit": "250af80d14f95a33efbf01b8c68d859df9c641c7", "hostname": "r-marcel-c3-abs20-12"}