{"dataset_name": "imdb136", "noise_ratio": 0.2672597176561593, "coverage": 0.82736, "noisy_class_distribution": [0.3248404563914137, 0.6751595436085863], "class_distribution": [0.5, 0.5], "accuracy": 0.7267, "balanced_accuracy": 0.7267, "log_loss": 0.5101, "ranking_quality": [1.0, 1.0], "detector_name": "silver", "handler_name": "filter", "fitting_time": 0.27347433660179377, "params": {"sgd__alpha": 0.0004922045629326774, "sgd__eta0": 0.21091344880150528}, "commit": "250af80d14f95a33efbf01b8c68d859df9c641c7", "hostname": "r-marcel-c3-abs20-12"}