{"dataset_name": "spambase", "noise_ratio": 0.24812239221140475, "coverage": 0.9769021739130435, "noisy_class_distribution": [0.800278164116829, 0.19972183588317108], "class_distribution": [0.6057065217391304, 0.3942934782608696], "accuracy": 0.8785, "balanced_accuracy": 0.849, "log_loss": 0.3241, "ranking_quality": [1.0, 1.0], "detector_name": "silver", "handler_name": "filter", "fitting_time": 0.21096078865230083, "params": {"sgd__alpha": 0.00012553200501641987, "sgd__eta0": 0.0020374080112865213}, "commit": "356cb1a4f28fb4f7a2886f31d0f2547b88f544da", "hostname": "r-marcel-c3-8440-03"}