{"dataset_name": "tennis", "noise_ratio": 0.13320879436700672, "coverage": 1.0, "noisy_class_distribution": [0.5824112659864923, 0.4175887340135077], "class_distribution": [0.5883029170857882, 0.4116970829142118], "accuracy": 0.8871, "balanced_accuracy": 0.8836, "log_loss": 0.8985, "ranking_quality": [1.0, 1.0], "detector_name": "silver", "handler_name": "filter", "fitting_time": 0.6640331158414483, "params": {"sgd__alpha": 0.00053331471948498, "sgd__eta0": 0.002631049777251314}, "commit": "250af80d14f95a33efbf01b8c68d859df9c641c7", "hostname": "r-marcel-c3-abs20-12"}