{"dataset_name": "yelp", "noise_ratio": 0.27780647725014906, "coverage": 0.827796052631579, "noisy_class_distribution": [0.27188555533479036, 0.7281144446652096], "class_distribution": [0.5036513157894736, 0.4963486842105263], "accuracy": 0.6442, "balanced_accuracy": 0.629, "log_loss": 0.598, "ranking_quality": [1.0, 1.0], "detector_name": "silver", "handler_name": "filter", "fitting_time": 3.7509370017796755, "params": {"sgd__alpha": 0.0003419455617463586, "sgd__eta0": 0.0058896042986620965}, "commit": "250af80d14f95a33efbf01b8c68d859df9c641c7", "hostname": "r-marcel-c3-abs20-12"}