{"dataset_name": "youtube", "noise_ratio": 0.149402390438247, "coverage": 0.8932384341637011, "noisy_class_distribution": [0.5517928286852589, 0.448207171314741], "class_distribution": [0.4750889679715303, 0.5249110320284698], "accuracy": 0.912, "balanced_accuracy": 0.9072, "log_loss": 0.2373, "ranking_quality": [1.0, 1.0], "detector_name": "silver", "handler_name": "filter", "fitting_time": 0.05534962099045515, "params": {"sgd__alpha": 0.00028449106153025756, "sgd__eta0": 0.4999384133268667}, "commit": "356cb1a4f28fb4f7a2886f31d0f2547b88f544da", "hostname": "r-marcel-c3-8440-03"}