{"dataset_name": "basketball", "noise_ratio": 0.24830272676683363, "coverage": 1.0, "noisy_class_distribution": [0.7659432387312187, 0.2340567612687813], "class_distribution": [0.8871452420701169, 0.11285475792988314], "accuracy": 0.9624, "balanced_accuracy": 0.896, "log_loss": 0.1121, "ranking_quality": [0.0, 0.0], "detector_name": "gold", "handler_name": "filter", "fitting_time": 80.88384941313416, "params": {"learning_rate": 0.013004783430735809, "reg_lambda": 85.69858420690612}, "commit": "78100f816c93d2b55b0299b7329300fe0f7d5b50", "hostname": "r-marcel-c3-abs20-12"}