{"dataset_name": "census", "noise_ratio": 0.19459729864932462, "coverage": 0.9912724387583061, "noisy_class_distribution": [0.936168084042021, 0.06383191595797899], "class_distribution": [0.7633640781513439, 0.23663592184865614], "accuracy": 0.866, "balanced_accuracy": 0.7811, "log_loss": 0.2952, "ranking_quality": [0.0, 0.0], "detector_name": "gold", "handler_name": "filter", "fitting_time": 28.1895048962906, "params": {"learning_rate": 0.09644993363350707, "reg_lambda": 75.7891200134297}, "commit": "78100f816c93d2b55b0299b7329300fe0f7d5b50", "hostname": "r-marcel-c3-abs20-12"}