{"dataset_name": "hausa", "noise_ratio": 0.49550000000000005, "coverage": 0.9779951100244498, "noisy_class_distribution": [0.0705, 0.0825, 0.0875, 0.101, 0.6585], "class_distribution": [0.15403422982885084, 0.21222493887530564, 0.219559902200489, 0.1388753056234719, 0.27530562347188264], "accuracy": 0.6529, "balanced_accuracy": 0.6267, "log_loss": 0.9671, "ranking_quality": [0.0, 0.0, 0.0, 0.0, 0.0], "detector_name": "gold", "handler_name": "filter", "fitting_time": 43.66842224635184, "params": {"learning_rate": 0.043378273614122324, "reg_lambda": 44.251825933243104}, "commit": "78100f816c93d2b55b0299b7329300fe0f7d5b50", "hostname": "r-marcel-c3-abs20-12"}