{"dataset_name": "trec", "noise_ratio": 0.252533280349692, "noisy_class_distribution": [0.19709914563878403, 0.20683488972779654, 0.2088217762765746, 0.06636201072918736, 0.1565666600437115, 0.16431551758394597], "class_distribution": [0.21060997417047486, 0.23147228293264455, 0.2235247367375323, 0.016093781045102326, 0.15140075501688854, 0.16689847009735745], "accuracy": 0.402, "balanced_accuracy": 0.3734, "log_loss": 1.721, "ranking_quality": [0.6707, 0.1583, 0.0939, 0.625, 0.6418, 0.6608], "detector_name": "gb_forget", "handler_name": "filter", "fitting_time": 122.65044451699941, "params": {"detector__base_model__learning_rate": 0.001, "estimator__learning_rate": 0.001}, "commit": "7e793e37763e0cc709844ea6aaf5d381510fdec6", "hostname": "DESKTOP-7SBFHT9", "trust_scores": [0, -9, 0, 0, -11, -10, -3, 0, -13, 0, 0, -11, -11, 0, 0, 0, 0, 0, 0, 0, -11, 0, 0, -10, 0, 0, -10, 0, 0, 0, -10, -2, 0, 0, -10, 0, -19, -11, 0, 0, 0, 0, -11, -9, -11, 0, 0, 0, 0, -14, 0, -11, 0, -5, -10, 0, 0, -11, 0, 0, -11, 0, 0, 0, 0, 0, -11, -1, 0, -11, 0, -11, -10, -11, -10, 0, 0, 0, -10, 0, 0, 0, -11, 0, 0, 0, 0, 0, 0, -1, -2, 0, 0, 0, -2, 0, 0, -11, 0, 0, 0, 0, 0, 0, 0, -10, 0, 0, 0, 0, -10, 0, 0, 0, 0, -10, -10, 0, -2, -4, 0, 0, 0, -10, 0, 0, -8, -11, 0, 0, 0, 0, 0, 0, 0, 0, 0, -11, 0, -14, -11, -11, -10, -10, 0, -19, -10, -10, 0, 0, -10, 0, 0, 0, -11, -11, 0, 0, 0, 0, -11, -11, -10, -11, 0, 0, -18, 0, -10, -11, -11, 0, 0, 0, 0, 0, 0, -10, 0, -10, -11, -11, 0, -7, 0, -11, 0, 0, -11, 0, 0, -10, 0, -2, 0, 0, 0, 0, 0, 0, 0, -10, 0, 0, 0, -10, 0, 0, 0, 0, 0, 0, 0, -16, 0, 0, 0, 0, 0, 0, -10, -11, -10, -11, 0, 0, 0, 0, -11, 0, -10, 0, -11, 0, -11, 0, 0, 0, -10, 0, 0, 0, 0, 0, 0, 0, -1, 0, -10, 0, 0, 0, 0, 0, 0, 0, -18, 0, 0, -3, 0, 0, -3, 0, 0, -11, 0, 0, 0, 0, -10, 0, 0, 0, 0, -10, 0, -10, -10, -2, 0, 0, 0, -10, 0, 0, -10, 0, -11, 0, 0, 0, 0, -10, 0, -2, 0, -10, 0, 0, 0, 0, -1, 0, 0, 0, -6, -4, -11, -10, 0, 0, 0, -11, -1, -2, -3, -2, 0, 0, 0, -11, 0, -10, -11, 0, -11, 0, 0, -10, -11, -10, 0, 0, -10, 0, -10, 0, 0, -11, 0, 0, 0, 0, -10, -3, -2, 0, -11, 0, 0, -11, 0, 0, 0, 0, -10, 0, -13, 0, -6, 0, 0, 0, 0, -10, 0, 0, -10, -1, 0, 0, -10, 0, 0, -10, 0, -10, -10, 0, 0, 0, 0, 0, -14, -10, 0, 0, 0, 0, 0, 0, 0, 0, -12, -4, 0, 0, -11, -11, 0, -15, 0, 0, -10, 0, 0, 0, 0, 0, -10, -9, -11, 0, -11, -11, 0, 0, 0, -10, -3, -3, 0, -2, -1, 0, 0, 0, 0, 0, -6, -11, -6, 0, -11, -10, 0, 0, -10, -11, 0, 0, -10, 0, 0, 0, -11, 0, -10, -11, 0, -9, 0, 0, 0, 0, 0, -10, 0, -11, -2, 0, -20, -11, -11, -10, 0, -11, 0, -10, 0, 0, -10, 0, 0, 0, 0, 0, 0, 0, 0, 0, 0, -11, -10, 0, 0, 0, 0, 0, 0, 0, 0, -10, 0, 0, 0, 0, 0, -11, 0, -3, 0, 0, 0, 0, -11, 0, -10, 0, 0, 0, -15, 0, 0, -10, 0, 0, 0, 0, 0, 0, 0, 0, 0, 0, 0, -11, 0, -10, 0, 0, 0, -11, -1, -10, 0, -11, 0, -2, -10, 0, 0, 0, -10, 0, 0, -5, 0, -10, -1, -10, -11, -10, -1, -11, -10, -10, -1, -11, 0, -10, -11, -3, -11, -7, -4, 0, -10, 0, 0, 0, -4, -11, 0, -11, 0, 0, 0, 0, 0, 0, 0, 0, 0, -11, -11, 0, -10, -11, -10, 0, 0, -10, 0, 0, -11, -11, 0, -10, 0, 0, -10, 0, -4, 0, 0, 0, 0, -11, 0, 0, 0, -1, -27, 0, 0, -10, 0, 0, -11, -11, 0, 0, -10, 0, -11, 0, -11, 0, -10, -6, 0, -1, 0, -3, -1, -11, -1, -10, -12, 0, 0, -2, -10, -11, 0, 0, 0, -11, 0, -11, -10, -11, 0, -10, -10, 0, -10, -10, -10, 0, -10, -11, 0, 0, 0, -1, 0, 0, 0, 0, -11, 0, 0, 0, -11, 0, 0, 0, -11, 0, -10, -5, -4, -11, 0, -10, -10, 0, 0, 0, 0, 0, -11, -6, -10, 0, 0, 0, -11, 0, 0, 0, 0, 0, -4, 0, 0, -20, -10, -11, -11, -18, 0, -10, -10, 0, 0, 0, 0, 0, 0, 0, -10, -11, -11, -10, -11, 0, 0, -10, -14, -11, 0, 0, 0, 0, -9, 0, 0, -1, -14, 0, 0, 0, 0, -10, -1, 0, 0, -3, 0, 0, 0, 0, -10, 0, -13, 0, -2, 0, -10, -10, -10, 0, 0, -10, -10, -2, -11, -9, -2, -5, 0, 0, -11, -10, 0, 0, -11, 0, -11, 0, 0, 0, 0, 0, 0, -2, -11, -9, 0, 0, 0, -14, -11, 0, 0, 0, 0, 0, -10, 0, -5, 0, 0, -11, -11, -11, 0, 0, 0, 0, -10, -11, -8, -11, 0, -19, 0, 0, 0, -11, -10, 0, -11, -2, -2, 0, 0, 0, 0, 0, -11, 0, 0, 0, 0, 0, -10, 0, 0, -11, -13, -18, 0, 0, -4, 0, 0, -10, 0, 0, 0, 0, 0, -5, -11, 0, 0, -10, 0, 0, -11, -2, -10, 0, -10, 0, -10, 0, 0, -13, -11, 0, 0, -10, 0, 0, 0, -10, 0, 0, 0, -10, 0, 0, -10, -10, -10, 0, 0, -11, 0, -11, -2, -1, 0, 0, 0, 0, 0, 0, -10, 0, 0, -10, -11, 0, 0, -10, -10, 0, 0, 0, 0, -11, -11, 0, -11, -10, -11, -3, -6, 0, 0, 0, 0, 0, -3, 0, 0, 0, 0, 0, -2, 0, 0, -4, -11, -10, -11, -10, 0, 0, 0, -10, 0, 0, 0, 0, 0, -20, -1, 0, 0, -10, -10, 0, 0, -1, 0, 0, 0, -1, -10, 0, 0, 0, 0, 0, 0, 0, 0, 0, 0, -10, 0, -11, 0, -10, 0, 0, 0, 0, -10, -3, 0, 0, 0, -10, 0, -11, 0, 0, -10, 0, -11, -11, -10, 0, 0, -10, -10, 0, 0, 0, 0, -10, 0, -10, 0, 0, 0, -11, -11, 0, 0, 0, -10, 0, -1, -11, -11, 0, 0, -4, 0, 0, 0, -11, 0, -11, 0, -5, 0, -8, -13, -4, 0, 0, -3, 0, 0, -11, 0, -10, 0, 0, 0, 0, -10, 0, 0, 0, -10, 0, 0, 0, -11, 0, -11, 0, 0, 0, 0, 0, 0, -10, -10, 0, 0, -11, 0, 0, 0, -10, 0, 0, 0, 0, -6, 0, 0, -3, 0, 0, 0, -11, -10, 0, -10, 0, 0, -10, 0, -11, 0, -7, -11, -11, 0, 0, 0, -2, 0, -3, 0, 0, 0, -10, -11, -11, -13, 0, 0, -10, -2, 0, -15, 0, 0, 0, 0, 0, 0, -3, -11, 0, 0, 0, -11, 0, -14, -5, 0, -1, -11, -10, -10, 0, 0, 0, -3, -10, -1, -11, -11, -3, -1, -11, 0, 0, 0, 0, -4, -11, -11, 0, -2, -10, -11, 0, 0, 0, -10, 0, 0, 0, -11, -1, 0, 0, -10, -11, -12, -11, 0, 0, 0, 0, 0, 0, 0, -11, 0, 0, 0, -11, 0, -1, 0, -3, 0, 0, -2, -1, 0, 0, -11, 0, 0, -10, -11, -10, -10, 0, -10, 0, -3, 0, -3, 0, -11, 0, -10, 0, 0, -11, 0, 0, 0, -10, 0, 0, -10, 0, 0, 0, 0, 0, -10, 0, -17, 0, 0, -5, -1, 0, 0, -11, -11, 0, 0, 0, -11, -11, -10, 0, 0, 0, 0, -3, 0, 0, -11, -12, -11, 0, -11, -14, 0, -10, 0, -10, 0, 0, -15, 0, 0, -10, 0, -11, 0, -10, -11, -14, -10, 0, 0, -2, 0, 0, 0, 0, -6, -4, 0, 0, 0, 0, 0, -10, -10, 0, -10, -3, -10, -1, 0, -26, 0, 0, -10, 0, 0, 0, 0, -11, -10, -11, 0, -11, -3, 0, -10, -11, 0, 0, 0, 0, 0, 0, 0, 0, 0, -11, -2, -1, 0, -10, -6, 0, -11, -11, -11, -11, 0, -11, -1, 0, 0, -11, -5, 0, -10, 0, -11, -11, 0, 0, -11, 0, 0, 0, -10, 0, 0, -11, 0, 0, -3, 0, 0, 0, -10, -11, 0, 0, 0, -9, -19, -10, 0, 0, 0, -11, -1, 0, -10, -2, -10, 0, 0, 0, -3, 0, 0, 0, -11, 0, 0, 0, 0, 0, 0, -10, 0, 0, 0, 0, -1, -2, 0, 0, -13, 0, -10, -10, 0, 0, 0, 0, -2, 0, 0, 0, 0, -10, 0, 0, -11, -1, -20, 0, -4, -11, 0, -11, 0, -10, 0, -11, 0, 0, 0, -4, -3, 0, 0, 0, 0, 0, 0, 0, 0, -16, -12, 0, -10, 0, 0, 0, 0, 0, 0, -10, 0, 0, 0, 0, 0, 0, -11, 0, 0, 0, 0, 0, -11, 0, 0, 0, -1, -3, 0, 0, 0, 0, 0, -13, 0, -23, 0, 0, 0, 0, -10, -11, 0, -4, 0, -3, 0, 0, 0, -11, -11, 0, -10, 0, -2, -4, -4, 0, 0, -11, 0, 0, 0, -11, 0, 0, 0, -11, 0, -18, 0, 0, -10, 0, -11, -11, -10, 0, 0, 0, 0, 0, 0, 0, 0, -11, 0, -3, 0, 0, 0, 0, -10, 0, -10, 0, 0, 0, 0, -11, 0, -4, -11, 0, 0, 0, 0, 0, -10, 0, -10, 0, -11, -11, 0, -11, -10, -5, 0, 0, 0, -11, 0, 0, -10, 0, -11, 0, 0, -3, -3, 0, -3, 0, -3, 0, -4, -10, 0, 0, 0, -10, 0, -8, -10, -2, -10, -11, 0, 0, -2, 0, 0, 0, -10, 0, 0, 0, -2, 0, 0, -10, 0, -11, 0, 0, 0, 0, 0, 0, -10, 0, -12, 0, -10, -10, -17, 0, 0, 0, -3, -11, 0, 0, 0, 0, -11, 0, -11, 0, 0, 0, -11, 0, -11, 0, 0, 0, -10, -11, -3, -10, 0, 0, 0, 0, 0, -11, 0, -10, 0, 0, -11, -2, -10, 0, 0, -11, 0, 0, -12, -10, -11, -3, -3, 0, 0, 0, 0, 0, 0, -10, -3, -11, -11, -11, 0, -1, 0, 0, 0, 0, -10, 0, 0, 0, -6, -10, 0, 0, -11, 0, -10, 0, 0, 0, 0, 0, -5, -10, 0, -19, 0, -13, -11, 0, -10, -1, 0, -10, 0, -14, 0, 0, 0, 0, 0, 0, -10, 0, -11, 0, -20, 0, 0, 0, 0, -11, 0, 0, 0, 0, 0, -9, -10, -11, -3, 0, 0, 0, -10, 0, 0, 0, -11, 0, 0, -1, 0, 0, 0, -3, -10, 0, -11, -10, 0, -11, 0, -10, 0, 0, -10, 0, -3, 0, 0, -11, 0, -10, 0, -10, 0, 0, -1, 0, 0, 0, -23, 0, 0, 0, -1, 0, 0, -1, -11, 0, 0, 0, 0, 0, 0, -10, -10, 0, 0, 0, 0, -27, -10, 0, 0, -10, 0, 0, 0, -10, 0, -5, 0, -2, -1, 0, 0, 0, 0, 0, 0, -1, 0, 0, 0, 0, -18, -11, -10, 0, 0, 0, 0, -10, -10, 0, -2, -11, -10, 0, -10, 0, 0, 0, 0, 0, -11, 0, 0, -10, 0, 0, 0, 0, 0, -11, -10, 0, -11, 0, 0, -2, -10, 0, 0, -11, 0, 0, 0, 0, 0, -11, -11, -10, 0, -10, 0, 0, 0, 0, -10, 0, 0, 0, -3, 0, 0, 0, -11, 0, -1, 0, -11, 0, 0, 0, 0, -1, 0, -11, -12, 0, 0, -2, 0, -10, 0, -11, 0, -10, -6, -10, -15, -4, 0, 0, 0, -1, -12, 0, 0, 0, 0, 0, -1, 0, 0, 0, -11, -11, 0, 0, 0, 0, -1, 0, 0, -5, 0, -3, 0, -10, 0, 0, -5, 0, 