{"dataset_name": "amazon", "noise_ratio": 0.24501044159856578, "coverage": 0.65543125, "noisy_class_distribution": [0.20144179881566526, 0.7985582011843347], "class_distribution": [0.5004375, 0.4995625], "accuracy": 0.5818, "balanced_accuracy": 0.5817, "log_loss": 0.673, "ranking_quality": [0.0, 0.0], "detector_name": "none", "handler_name": "filter", "fitting_time": 413.323154842481, "params": {"learning_rate": 0.00020208895079227895, "reg_lambda": 7.234255801840462}, "commit": "78100f816c93d2b55b0299b7329300fe0f7d5b50", "hostname": "r-marcel-c3-abs20-12"}