{"dataset_name": "basketball", "noise_ratio": 0.24830272676683363, "coverage": 1.0, "noisy_class_distribution": [0.7659432387312187, 0.2340567612687813], "class_distribution": [0.8871452420701169, 0.11285475792988314], "accuracy": 0.8552, "balanced_accuracy": 0.479, "log_loss": 0.4047, "ranking_quality": [0.0, 0.0], "detector_name": "none", "handler_name": "filter", "fitting_time": 87.70067935064435, "params": {"learning_rate": 0.020617968397068805, "reg_lambda": 8.00179457714556}, "commit": "78100f816c93d2b55b0299b7329300fe0f7d5b50", "hostname": "r-marcel-c3-abs20-12"}