{"dataset_name": "commercial", "noise_ratio": 0.09688133478871042, "coverage": 1.0, "noisy_class_distribution": [0.6828161546857945, 0.3171838453142055], "class_distribution": [0.7179167316388586, 0.28208326836114145], "accuracy": 0.935, "balanced_accuracy": 0.922, "log_loss": 0.2188, "ranking_quality": [0.0, 0.0], "detector_name": "none", "handler_name": "filter", "fitting_time": 242.18643946573138, "params": {"learning_rate": 0.01897584730807179, "reg_lambda": 51.13469479590278}, "commit": "22a6f43d2d10642b52f74896ccb93adec495ea1f", "hostname": "r-marcel-c3-8440-01"}