{"dataset_name": "mushroom", "noise_ratio": 0.13238697731831506, "coverage": 0.9972303431297123, "noisy_class_distribution": [0.4917451010646505, 0.5082548989353495], "class_distribution": [0.5122326511771041, 0.48776734882289585], "accuracy": 0.8708, "balanced_accuracy": 0.8721, "log_loss": 0.3728, "ranking_quality": [0.0, 0.0], "detector_name": "none", "handler_name": "filter", "fitting_time": 23.519086429849267, "params": {"learning_rate": 0.00034054887933370376, "reg_lambda": 26.47766307888826}, "commit": "78100f816c93d2b55b0299b7329300fe0f7d5b50", "hostname": "r-marcel-c3-abs20-12"}