{"dataset_name": "yelp", "noise_ratio": 0.27780647725014906, "coverage": 0.827796052631579, "noisy_class_distribution": [0.27188555533479036, 0.7281144446652096], "class_distribution": [0.5036513157894736, 0.4963486842105263], "accuracy": 0.6513, "balanced_accuracy": 0.6376, "log_loss": 0.6585, "ranking_quality": [0.0, 0.0], "detector_name": "none", "handler_name": "filter", "fitting_time": 130.9835974946618, "params": {"learning_rate": 0.0005262609185412034, "reg_lambda": 51.69445999858748}, "commit": "78100f816c93d2b55b0299b7329300fe0f7d5b50", "hostname": "r-marcel-c3-abs20-12"}