{"dataset_name": "youtube", "noise_ratio": 0.149402390438247, "coverage": 0.8932384341637011, "noisy_class_distribution": [0.5517928286852589, 0.448207171314741], "class_distribution": [0.4750889679715303, 0.5249110320284698], "accuracy": 0.836, "balanced_accuracy": 0.8263, "log_loss": 0.3958, "ranking_quality": [0.0, 0.0], "detector_name": "none", "handler_name": "filter", "fitting_time": 23.694435108453035, "params": {"learning_rate": 0.04277199271125581, "reg_lambda": 17.57094331029204}, "commit": "78100f816c93d2b55b0299b7329300fe0f7d5b50", "hostname": "r-marcel-c3-abs20-12"}