{"dataset_name": "hausa", "noise_ratio": 0.49550000000000005, "coverage": 0.9779951100244498, "noisy_class_distribution": [0.0705, 0.0825, 0.0875, 0.101, 0.6585], "class_distribution": [0.15403422982885084, 0.21222493887530564, 0.219559902200489, 0.1388753056234719, 0.27530562347188264], "accuracy": 0.4381, "balanced_accuracy": 0.3875, "log_loss": 1.7206, "ranking_quality": [0.0, 0.0, 0.0, 0.0, 0.0], "detector_name": "none", "handler_name": "filter", "fitting_time": 0.14015499595552683, "params": {"sgd__alpha": 0.0001, "sgd__eta0": 0.1}, "commit": "f963f0979e166b9cf2c9b00513cd6c493e506c8d", "hostname": "r-marcel-c3-liqid-02"}