{"dataset_name": "spambase", "noise_ratio": 0.24812239221140475, "coverage": 0.9769021739130435, "noisy_class_distribution": [0.800278164116829, 0.19972183588317108], "class_distribution": [0.6057065217391304, 0.3942934782608696], "accuracy": 0.7158, "balanced_accuracy": 0.6401, "log_loss": 0.5356, "ranking_quality": [0.0, 0.0], "detector_name": "none", "handler_name": "filter", "fitting_time": 0.6280465023592114, "params": {"sgd__alpha": 0.0001, "sgd__eta0": 0.01}, "commit": "f963f0979e166b9cf2c9b00513cd6c493e506c8d", "hostname": "r-marcel-c3-liqid-02"}