{"dataset_name": "trec", "noise_ratio": 0.461907743686078, "coverage": 0.9519173455195709, "noisy_class_distribution": [0.5865163848883322, 0.07701941139636818, 0.12732206219995826, 0.0012523481527864746, 0.07305364224587768, 0.1348361511166771], "class_distribution": [0.21060997417047486, 0.23147228293264455, 0.2235247367375323, 0.016093781045102326, 0.15140075501688854, 0.16689847009735745], "accuracy": 0.332, "balanced_accuracy": 0.2223, "log_loss": 1.8065, "ranking_quality": [0.0, 0.0, 0.0, 0.0, 0.0, 0.0], "detector_name": "none", "handler_name": "filter", "fitting_time": 5.631055035628378, "params": {"sgd__alpha": 0.0001, "sgd__eta0": 0.1}, "commit": "f963f0979e166b9cf2c9b00513cd6c493e506c8d", "hostname": "r-marcel-c3-liqid-02"}