{"dataset_name": "basketball", "noise_ratio": 0.24830272676683363, "coverage": 1.0, "noisy_class_distribution": [0.7659432387312187, 0.2340567612687813], "class_distribution": [0.8871452420701169, 0.11285475792988314], "accuracy": 0.9345, "balanced_accuracy": 0.9022, "log_loss": 0.1702, "ranking_quality": [0.0, 0.0], "detector_name": "gold", "handler_name": "filter", "fitting_time": 11.658701621927321, "params": {"sgd__alpha": 9.655322150165631e-05, "sgd__eta0": 0.0010467907786500656}, "commit": "87401ba1c2902fa3f83590d5e5b7e2debbd6f13d", "hostname": "r-marcel-c3-8440-02"}