{"dataset_name": "bioresponse", "noise_ratio": 0.4603811434302909, "coverage": 0.997, "noisy_class_distribution": [0.8415245737211635, 0.1584754262788365], "class_distribution": [0.4533333333333333, 0.5466666666666666], "accuracy": 0.766, "balanced_accuracy": 0.7683, "log_loss": 0.5658, "ranking_quality": [0.0, 0.0], "detector_name": "gold", "handler_name": "filter", "fitting_time": 2.071491176262498, "params": {"sgd__alpha": 0.0013312909046727132, "sgd__eta0": 0.001317787492389658}, "commit": "87401ba1c2902fa3f83590d5e5b7e2debbd6f13d", "hostname": "r-marcel-c3-8440-02"}