{"dataset_name": "commercial", "noise_ratio": 0.09688133478871042, "coverage": 1.0, "noisy_class_distribution": [0.6828161546857945, 0.3171838453142055], "class_distribution": [0.7179167316388586, 0.28208326836114145], "accuracy": 0.937, "balanced_accuracy": 0.9248, "log_loss": 0.219, "ranking_quality": [0.0, 0.0], "detector_name": "gold", "handler_name": "filter", "fitting_time": 41.3389200437814, "params": {"sgd__alpha": 2.489878634101028e-05, "sgd__eta0": 0.0012437769149828575}, "commit": "87401ba1c2902fa3f83590d5e5b7e2debbd6f13d", "hostname": "r-marcel-c3-8440-02"}