{"dataset_name": "hausa", "noise_ratio": 0.49550000000000005, "coverage": 0.9779951100244498, "noisy_class_distribution": [0.0705, 0.0825, 0.0875, 0.101, 0.6585], "class_distribution": [0.15403422982885084, 0.21222493887530564, 0.219559902200489, 0.1388753056234719, 0.27530562347188264], "accuracy": 0.7749, "balanced_accuracy": 0.7693, "log_loss": 0.6471, "ranking_quality": [0.0, 0.0, 0.0, 0.0, 0.0], "detector_name": "gold", "handler_name": "filter", "fitting_time": 1.4548239158466458, "params": {"sgd__alpha": 1.60398819674746e-05, "sgd__eta0": 0.8481612386620206}, "commit": "87401ba1c2902fa3f83590d5e5b7e2debbd6f13d", "hostname": "r-marcel-c3-8440-02"}