{"dataset_name": "imdb", "noise_ratio": 0.26348843848130177, "coverage": 0.87575, "noisy_class_distribution": [0.4344847273765344, 0.5655152726234656], "class_distribution": [0.5, 0.5], "accuracy": 0.8604, "balanced_accuracy": 0.8604, "log_loss": 0.327, "ranking_quality": [0.0, 0.0], "detector_name": "gold", "handler_name": "filter", "fitting_time": 1.2062124209478498, "params": {"sgd__alpha": 1.1615477857340946e-05, "sgd__eta0": 0.2359814635102617}, "commit": "87401ba1c2902fa3f83590d5e5b7e2debbd6f13d", "hostname": "r-marcel-c3-8440-02"}