{"dataset_name": "trec", "noise_ratio": 0.461907743686078, "coverage": 0.9519173455195709, "noisy_class_distribution": [0.5865163848883322, 0.07701941139636818, 0.12732206219995826, 0.0012523481527864746, 0.07305364224587768, 0.1348361511166771], "class_distribution": [0.21060997417047486, 0.23147228293264455, 0.2235247367375323, 0.016093781045102326, 0.15140075501688854, 0.16689847009735745], "accuracy": 0.682, "balanced_accuracy": 0.6576, "log_loss": 1.0616, "ranking_quality": [0.0, 0.0, 0.0, 0.0, 0.0, 0.0], "detector_name": "gold", "handler_name": "filter", "fitting_time": 4.870210347697139, "params": {"sgd__alpha": 6.258827475855092e-05, "sgd__eta0": 0.07349840980476932}, "commit": "87401ba1c2902fa3f83590d5e5b7e2debbd6f13d", "hostname": "r-marcel-c3-8440-02"}