{"dataset_name": "yoruba", "noise_ratio": 0.40192153722978385, "coverage": 0.932089552238806, "noisy_class_distribution": [0.057646116893514815, 0.2530024019215372, 0.0600480384307446, 0.09687750200160128, 0.2746196957566053, 0.0656525220176141, 0.1921537229783827], "class_distribution": [0.0708955223880597, 0.18880597014925374, 0.03805970149253731, 0.3604477611940298, 0.24104477611940298, 0.03731343283582089, 0.06343283582089553], "accuracy": 0.4327, "balanced_accuracy": 0.3808, "log_loss": 1.5594, "ranking_quality": [0.291, 0.9196, 0.4, 0.3185, 0.8087, 0.5729, 0.2174], "detector_name": "gb_consensus", "handler_name": "filter", "fitting_time": 742.9949259618297, "params": {"detector__base_model__learning_rate": 0.001, "estimator__sgd__alpha": 0.0001, "estimator__sgd__eta0": 0.1, "splitter__threshold": 0.0}, "commit": "f963f0979e166b9cf2c9b00513cd6c493e506c8d", "hostname": "r-marcel-c3-liqid-02", "trust_scores": [0.0, 0.1, 1.0, 0.0, 1.0, 0.0, 0.0, 1.0, 1.0, 0.0, 0.0, 0.0, 1.0, 0.0, 0.0, 0.0, 1.0000000000000002, 0.5, 0.0, 0.0, 1.0000000000000002, 0.30000000000000004, 0.0, 1.0, 0.0, 1.0, 1.0000000000000002, 1.0, 0.0, 1.0000000000000002, 0.0, 0.0, 0.0, 1.0, 1.0, 0.6000000000000001, 0.0, 1.0, 0.0, 1.0, 0.0, 0.5, 1.0, 0.0, 0.0, 1.0, 0.0, 0.0, 0.1, 0.0, 1.0, 0.2, 0.0, 1.0, 0.0, 1.0, 0.2, 0.0, 1.0, 1.0, 0.8, 1.0, 0.2, 1.0, 0.0, 1.0, 0.4, 1.0, 0.1, 1.0000000000000002, 0.0, 0.5, 1.0, 0.0, 1.0, 0.0, 1.0000000000000002, 0.0, 1.0, 0.0, 0.2, 1.0, 1.0, 0.1, 1.0, 1.0, 1.0, 0.0, 0.0, 0.0, 0.0, 1.0, 1.0, 1.0, 1.0000000000000002, 1.0, 1.0, 1.0, 0.0, 0.0, 0.0, 0.0, 1.0000000000000002, 0.0, 0.0, 0.0, 0.0, 0.1, 0.0, 0.0, 0.7000000000000001, 0.0, 0.0, 0.0, 0.0, 1.0, 0.0, 0.0, 1.0, 1.0, 1.0, 1.0, 0.0, 1.0, 1.0000000000000002, 0.0, 1.0000000000000002, 0.1, 0.0, 1.0, 0.0, 0.8, 0.0, 1.0, 1.0, 0.0, 1.0, 0.0, 1.0, 0.0, 0.0, 0.0, 0.2, 0.30000000000000004, 0.0, 0.0, 1.0, 0.0, 0.0, 0.0, 0.0, 0.0, 0.0, 0.0, 0.0, 0.0, 0.5, 0.0, 1.0, 0.0, 0.0, 0.0, 0.0, 1.0, 0.0, 0.0, 1.0, 1.0, 0.0, 0.0, 0.0, 0.0, 1.0, 0.0, 1.0, 0.0, 1.0, 1.0, 0.0, 0.0, 0.30000000000000004, 0.0, 0.0, 1.0, 0.0, 1.0, 1.0, 0.0, 0.0, 0.0, 1.0, 0.0, 1.0000000000000002, 0.0, 1.0, 0.0, 0.6, 0.0, 1.0, 0.1, 1.0, 0.0, 0.0, 1.0000000000000002, 0.0, 0.4, 0.0, 0.0, 0.0, 0.0, 0.8, 0.0, 0.0, 0.0, 0.0, 0.0, 1.0, 1.0, 0.0, 1.0, 0.0, 0.0, 0.0, 0.0, 0.0, 1.0, 0.0, 0.30000000000000004, 0.0, 1.0, 1.0, 1.0, 0.8, 0.0, 0.0, 1.0000000000000002, 0.0, 0.0, 1.0, 0.0, 1.0, 1.0, 0.0, 0.9999999999999999, 1.0, 0.2, 0.0, 0.0, 0.0, 0.0, 1.0000000000000002, 0.0, 1.0, 0.5, 0.0, 0.2, 1.0, 0.1, 0.0, 0.0, 0.0, 0.0, 1.0, 0.0, 0.0, 0.0, 1.0, 0.0, 1.0000000000000002, 0.0, 1.0, 1.0, 1.0000000000000002, 0.1, 0.0, 0.5, 0.0, 1.0, 0.0, 0.0, 1.0, 1.0, 0.7, 1.0, 1.0, 0.0, 0.0, 1.0, 1.0, 0.0, 1.0, 0.0, 1.0, 1.0, 1.0, 0.0, 0.0, 0.0, 0.0, 1.0000000000000002, 0.0, 1.0, 1.0, 0.0, 0.0, 0.0, 1.0, 1.0, 0.0, 1.0, 0.0, 0.0, 0.30000000000000004, 1.0000000000000002, 1.0000000000000002, 0.0, 1.0, 1.0, 0.0, 0.0, 1.0, 0.0, 0.0, 0.0, 1.0, 0.0, 0.0, 0.0, 1.0, 0.0, 0.0, 0.0, 0.0, 0.0, 0.0, 0.0, 0.1, 0.0, 0.8, 1.0, 1.0, 1.0, 1.0, 0.9, 1.0, 0.0, 1.0, 1.0, 1.0, 0.0, 1.0, 1.0, 0.5, 0.0, 0.0, 0.0, 0.0, 0.0, 1.0000000000000002, 0.0, 0.8, 1.0, 1.0, 1.0, 1.0, 1.0, 0.0, 0.0, 0.0, 0.0, 0.9999999999999999, 1.0000000000000002, 0.0, 0.0, 1.0, 0.0, 0.2, 0.0, 0.30000000000000004, 0.0, 0.0, 0.0, 1.0, 0.0, 0.0, 0.0, 1.0, 1.0, 0.0, 1.0, 0.0, 1.0000000000000002, 0.0, 0.0, 0.0, 0.1, 0.6000000000000001, 0.30000000000000004, 0.0, 0.0, 0.0, 1.0, 0.0, 0.30000000000000004, 1.0, 0.0, 0.0, 0.0, 1.0, 0.0, 1.0000000000000002, 1.0, 1.0, 0.0, 0.0, 0.0, 1.0, 0.0, 0.0, 0.0, 1.0, 0.6000000000000001, 0.30000000000000004, 0.0, 1.0, 0.1, 0.0, 0.0, 0.0, 1.0, 0.0, 1.0, 0.8, 0.0, 0.0, 0.0, 1.0, 0.0, 0.0, 0.0, 1.0000000000000002, 1.0, 0.0, 0.0, 1.0, 0.6000000000000001, 0.0, 0.0, 0.0, 0.0, 0.0, 0.0, 1.0, 1.0, 0.0, 0.0, 1.0, 0.0, 0.0, 1.0000000000000002, 0.0, 1.0, 0.0, 0.0, 0.1, 1.0, 0.0, 1.0, 1.0, 1.0, 0.0, 1.0, 0.0, 1.0, 1.0, 0.0, 0.0, 1.0000000000000002, 0.0, 0.0, 1.0, 0.5, 1.0, 0.0, 0.7000000000000001, 0.0, 0.0, 0.0, 1.0, 0.0, 0.0, 0.0, 0.0, 1.0, 1.0, 0.0, 0.0, 0.0, 0.0, 1.0, 1.0000000000000002, 0.0, 0.0, 0.0, 0.0, 1.0000000000000002, 0.0, 1.0000000000000002, 0.0, 0.0, 1.0, 0.0, 0.0, 1.0, 0.0, 0.0, 1.0, 0.0, 0.0, 0.5, 0.0, 0.0, 0.0, 1.0, 1.0, 1.0, 1.0, 1.0, 1.0000000000000002, 0.5, 1.0, 1.0, 0.0, 1.0, 0.0, 0.0, 1.0, 0.5, 0.0, 1.0, 0.4, 1.0, 0.0, 0.0, 0.0, 1.0000000000000002, 1.0, 1.0, 0.0, 0.2, 0.0, 0.0, 0.7000000000000001, 0.0, 0.0, 0.0, 1.0, 1.0, 0.0, 1.0, 1.0, 0.0, 0.2, 0.0, 0.0, 0.0, 0.0, 0.0, 1.0, 0.0, 0.0, 1.0, 0.0, 1.0, 1.0, 0.0, 1.0, 1.0000000000000002, 1.0, 1.0, 1.0, 0.0, 1.0, 1.0000000000000002, 0.5, 1.0000000000000002, 1.0, 0.7000000000000001, 1.0, 1.0, 1.0000000000000002, 0.0, 1.0, 0.0, 1.0, 1.0, 1.0000000000000002, 1.0, 0.0, 0.0, 1.0, 0.0, 0.0, 0.7000000000000001, 0.0, 1.0000000000000002, 0.0, 0.0, 0.0, 1.0, 1.0, 0.0, 0.30000000000000004, 0.0, 0.0, 1.0000000000000002, 0.0, 0.0, 1.0, 1.0, 0.0, 1.0, 0.9999999999999999, 0.0, 1.0, 0.6, 0.0, 0.4, 1.0, 1.0000000000000002, 0.0, 0.0, 0.7000000000000001, 1.0, 0.0, 0.0, 0.0, 0.0, 0.2, 0.0, 1.0, 0.0, 0.0, 1.0, 0.0, 1.0, 0.0, 0.0, 0.0, 0.0, 0.0, 0.0, 1.0, 0.0, 0.0, 0.0, 0.0, 0.0, 1.0, 0.0, 1.0, 0.0, 0.0, 0.0, 1.0000000000000002, 1.0, 0.7000000000000001, 0.5, 0.0, 1.0, 0.0, 1.0, 1.0, 1.0, 1.0, 0.0, 0.0, 1.0, 1.0, 0.0, 1.0, 0.0, 0.0, 0.0, 0.0, 0.0, 0.0, 0.0, 0.0, 0.2, 0.5, 0.0, 0.0, 0.0, 0.0, 0.0, 0.0, 1.0, 1.0, 1.0, 1.0000000000000002, 1.0, 0.9, 1.0, 1.0, 0.0, 1.0000000000000002, 1.0, 0.0, 1.0000000000000002, 0.4, 0.9000000000000001, 0.0, 0.0, 1.0, 1.0, 0.0, 0.7, 1.0, 1.0, 0.0, 1.0, 0.0, 0.0, 1.0, 0.0, 0.2, 1.0, 0.0, 1.0000000000000002, 0.0, 0.0, 0.0, 0.0, 0.0, 1.0, 0.0, 1.0, 1.0, 0.0, 1.0000000000000002, 0.0, 1.0, 0.0, 1.0, 0.0, 0.0, 1.0, 1.0, 0.0, 1.0, 1.0, 1.0, 0.0, 0.0, 1.0, 1.0, 0.0, 1.0, 0.0, 0.0, 0.7000000000000001, 1.0, 0.0, 1.0, 0.0, 1.0, 0.0, 0.0, 0.0, 0.0, 1.0, 0.0, 0.0, 0.4, 0.0, 0.1, 0.0, 0.0, 1.0, 0.0, 0.7000000000000001, 0.0, 0.7999999999999999, 0.0, 1.0, 1.0, 1.0, 0.0, 0.0, 0.0, 0.0, 0.0, 0.0, 0.4, 0.0, 0.0, 0.0, 0.0, 0.0, 1.0, 0.2, 0.0, 1.0000000000000002, 0.0, 0.0, 0.0, 1.0, 1.0000000000000002, 1.0, 0.0, 1.0, 0.0, 1.0, 1.0, 1.0, 1.0, 0.1, 1.0, 1.0000000000000002, 0.0, 1.0, 0.0, 0.30000000000000004, 0.0, 1.0, 1.0, 0.0, 0.0, 0.0, 0.0, 0.0, 0.0, 1.0, 0.0, 1.0, 1.0, 0.0, 1.0000000000000002, 0.0, 0.0, 0.4, 0.0, 1.0, 1.0, 0.0, 1.0000000000000002, 1.0, 0.0, 0.8, 1.0, 0.0, 1.0, 1.0, 0.0, 1.0, 0.0, 1.0, 0.0, 0.0, 0.2, 0.0, 1.0, 1.0, 0.0, 0.0, 0.0, 1.0, 0.0, 0.0, 1.0, 1.0, 0.0, 0.0, 0.0, 0.0, 1.0, 1.0, 0.0, 1.0000000000000002, 0.0, 0.0, 1.0, 0.0, 1.0, 1.0, 1.0000000000000002, 0.0, 1.0, 0.0, 1.0, 1.0, 0.0, 0.0, 0.5, 1.0, 0.0, 0.0, 0.0, 1.0, 0.0, 1.0000000000000002, 1.0, 0.30000000000000004, 0.0, 1.0000000000000002, 1.0, 0.0, 1.0, 0.0, 0.0, 0.6000000000000001, 0.0, 1.0, 1.0, 0.0, 0.9, 0.0, 1.0000000000000002, 1.0, 0.0, 1.0000000000000002, 1.0, 1.0, 1.0, 0.0, 0.0, 0.1, 1.0, 0.0, 1.0, 1.0, 1.0, 1.0, 0.0, 0.0, 0.0, 0.0, 0.30000000000000004, 0.0, 1.0, 0.0, 0.0, 0.1, 0.0, 0.0, 0.0, 1.0, 1.0, 1.0, 0.0, 0.0, 1.0, 0.0, 0.1, 1.0000000000000002, 1.0, 0.0, 0.9999999999999999, 0.0, 0.0, 0.0, 0.0, 0.0, 1.0, 0.0, 1.0, 1.0, 0.0, 0.0, 0.0, 1.0, 1.0, 1.0000000000000002, 0.0, 1.0, 0.0, 0.0, 1.0, 0.0, 1.0, 0.0, 1.0, 1.0, 0.0, 1.0, 0.0, 1.0, 0.0, 1.0, 0.0, 0.0, 0.30000000000000004, 0.0, 1.0, 1.0000000000000002, 1.0, 1.0, 0.0, 0.0, 0.9999999999999999, 0.0, 0.0, 1.0000000000000002, 0.0, 0.0, 0.9, 0.0, 0.5, 0.0, 0.0, 1.0, 0.4, 0.6000000000000001, 0.0, 1.0, 1.0, 1.0000000000000002, 1.0, 1.0000000000000002, 0.0, 0.1, 0.0, 0.0, 0.0, 1.0, 0.6, 0.0, 1.0, 0.0, 0.0, 1.0, 0.0, 1.0, 0.0, 0.0, 0.0, 0.0, 0.6000000000000001, 0.0, 0.2, 0.0, 1.0000000000000002, 1.0, 1.0, 1.0, 0.0, 1.0, 0.0, 1.0, 0.0, 1.0, 1.0, 0.0, 0.0, 0.0, 0.0, 0.0, 1.0, 1.0, 0.0, 0.0, 0.0, 1.0, 0.1, 0.0, 1.0, 0.0, 1.0, 0.0, 0.30000000000000004, 0.0, 0.0, 1.0, 0.0, 1.0, 1.0, 1.0, 1.0, 0.9, 0.0, 1.0, 0.0, 1.0, 0.0, 1.0, 0.0, 0.0, 0.0, 1.0000000000000002, 0.0, 1.0, 0.0, 1.0000000000000002, 1.0, 1.0, 0.9, 0.0, 0.0, 0.0, 0.0, 0.0, 