{"dataset_name": "agnews", "noise_ratio": 0.2271770833333333, "coverage": 1.0, "noisy_class_distribution": [0.2522916666666667, 0.24702083333333333, 0.249, 0.2516875], "class_distribution": [0.2518125, 0.24691666666666667, 0.2475, 0.25377083333333333], "accuracy": 0.8542, "balanced_accuracy": 0.8551, "log_loss": 0.692, "ranking_quality": [0.0, 0.0, 0.0, 0.0], "detector_name": "wood", "handler_name": "filter", "fitting_time": 151.6139802634716, "params": {"learning_rate": 0.08177959510681947, "reg_lambda": 29.491206161370165}, "commit": "de771b8902cbef0a7f283781242ac4853f192fcf", "hostname": "r-marcel-c3-liqid-02"}