{"dataset_name": "bioresponse", "noise_ratio": 0.15066666666666662, "coverage": 1.0, "noisy_class_distribution": [0.4613333333333333, 0.5386666666666666], "class_distribution": [0.4533333333333333, 0.5466666666666666], "accuracy": 0.7606, "balanced_accuracy": 0.7618, "log_loss": 0.5488, "ranking_quality": [0.0, 0.0], "detector_name": "wood", "handler_name": "filter", "fitting_time": 70.33604999817908, "params": {"learning_rate": 0.03931990341805943, "reg_lambda": 33.91454923128683}, "commit": "de771b8902cbef0a7f283781242ac4853f192fcf", "hostname": "r-marcel-c3-liqid-02"}