{"dataset_name": "commercial", "noise_ratio": 0.14752845782005297, "coverage": 1.0, "noisy_class_distribution": [0.6529081553095275, 0.3470918446904725], "class_distribution": [0.7179167316388586, 0.28208326836114145], "accuracy": 0.9286, "balanced_accuracy": 0.9092, "log_loss": 0.287, "ranking_quality": [0.0, 0.0], "detector_name": "wood", "handler_name": "filter", "fitting_time": 255.4289060048759, "params": {"learning_rate": 0.09998026761948262, "reg_lambda": 92.27765309581535}, "commit": "727adac33d0dc2a1524b523904fa242325731100", "hostname": "r-marcel-c3-8440-03"}