{"dataset_name": "tennis", "noise_ratio": 0.15203333812329356, "coverage": 1.0, "noisy_class_distribution": [0.5621497341572065, 0.4378502658427935], "class_distribution": [0.5883029170857882, 0.4116970829142118], "accuracy": 0.8752, "balanced_accuracy": 0.8707, "log_loss": 0.4172, "ranking_quality": [0.0, 0.0], "detector_name": "wood", "handler_name": "filter", "fitting_time": 68.44232483394444, "params": {"learning_rate": 0.08702987209215111, "reg_lambda": 50.76751952519552}, "commit": "de771b8902cbef0a7f283781242ac4853f192fcf", "hostname": "r-marcel-c3-liqid-02"}