{"dataset_name": "yelp", "noise_ratio": 0.1523026315789474, "coverage": 1.0, "noisy_class_distribution": [0.5042434210526315, 0.4957565789473684], "class_distribution": [0.5036513157894736, 0.4963486842105263], "accuracy": 0.8903, "balanced_accuracy": 0.8899, "log_loss": 0.3951, "ranking_quality": [0.0, 0.0], "detector_name": "wood", "handler_name": "filter", "fitting_time": 139.27326298039407, "params": {"learning_rate": 0.0208585305762771, "reg_lambda": 4.125390215078772}, "commit": "de771b8902cbef0a7f283781242ac4853f192fcf", "hostname": "r-marcel-c3-liqid-02"}