{"dataset_name": "youtube", "noise_ratio": 0.16014234875444844, "coverage": 1.0, "noisy_class_distribution": [0.4679715302491103, 0.5320284697508897], "class_distribution": [0.4750889679715303, 0.5249110320284698], "accuracy": 0.868, "balanced_accuracy": 0.8602, "log_loss": 0.4303, "ranking_quality": [0.0, 0.0], "detector_name": "wood", "handler_name": "filter", "fitting_time": 55.89716721884906, "params": {"learning_rate": 0.0062435639045345095, "reg_lambda": 78.94593112449525}, "commit": "de771b8902cbef0a7f283781242ac4853f192fcf", "hostname": "r-marcel-c3-liqid-02"}