{"dataset_name": "hausa", "noise_ratio": 0.2621026894865526, "noisy_class_distribution": [0.16283618581907092, 0.1980440097799511, 0.22591687041564792, 0.16772616136919316, 0.24547677261613693], "class_distribution": [0.15403422982885084, 0.21222493887530564, 0.219559902200489, 0.1388753056234719, 0.27530562347188264], "accuracy": 0.7199, "balanced_accuracy": 0.7017, "log_loss": 0.987, "ranking_quality": [0.0, 0.0, 0.0, 0.0, 0.0], "detector_name": "none", "handler_name": "filter", "fitting_time": 0.269892081618309, "params": {"sgd__alpha": 0.0001, "sgd__eta0": 0.1}, "commit": "a09866f5ec62619c142b1f84a18bf8a420118b9d", "hostname": "r-marcel-c3-8440-02"}