{"dataset_name": "phishing", "noise_ratio": 0.15083672546359114, "noisy_class_distribution": [0.4614427860696517, 0.5385572139303483], "class_distribution": [0.44674355495251017, 0.5532564450474898], "accuracy": 0.9259, "balanced_accuracy": 0.9262, "log_loss": 0.3222, "ranking_quality": [0.0, 0.0], "detector_name": "none", "handler_name": "filter", "fitting_time": 1.0697716576978564, "params": {"sgd__alpha": 0.0001, "sgd__eta0": 0.1}, "commit": "a09866f5ec62619c142b1f84a18bf8a420118b9d", "hostname": "r-marcel-c3-8440-02"}