{"dataset_name": "hausa", "noise_ratio": 0.2621026894865526, "coverage": 1.0, "noisy_class_distribution": [0.16283618581907092, 0.1980440097799511, 0.22591687041564792, 0.16772616136919316, 0.24547677261613693], "class_distribution": [0.15403422982885084, 0.21222493887530564, 0.219559902200489, 0.1388753056234719, 0.27530562347188264], "accuracy": 0.7251, "balanced_accuracy": 0.7059, "log_loss": 0.988, "ranking_quality": [0.4349, 0.8947, 0.8857, 0.6044, 0.9532], "detector_name": "klm_consensus", "handler_name": "filter", "fitting_time": 18.993466769345105, "params": {"splitter__threshold": 0.0, "detector__base_model__sgd__alpha": 9.007892850029946e-05, "detector__base_model__sgd__eta0": 0.0011828284462949955, "estimator__sgd__alpha": 7.932695971641367e-05, "estimator__sgd__eta0": 0.10705117969592637}, "commit": "44320d89d302b12253cc26dc4054148c2b858f86", "hostname": "r-marcel-c3-8440-01", "trust_scores": [0.8, 0.9999999999999999, 0.0, 1.0, 1.0000000000000002, 0.0, 0.0, 1.0000000000000002, 1.0, 1.0, 0.0, 0.9, 0.0, 0.9, 0.0, 1.0, 0.4, 0.5, 1.0, 0.0, 1.0, 1.0, 0.7000000000000001, 0.9000000000000001, 0.0, 0.0, 0.0, 0.0, 0.1, 0.9, 0.0, 1.0, 0.0, 1.0, 0.0, 0.0, 1.0, 1.0, 0.0, 0.0, 0.0, 1.0000000000000002, 0.0, 0.0, 0.0, 0.0, 0.7000000000000001, 0.2, 1.0, 0.0, 0.0, 1.0, 0.0, 0.9, 1.0, 0.0, 1.0, 1.0, 0.7, 1.0, 0.0, 1.0000000000000002, 0.30000000000000004, 0.1, 0.0, 1.0, 1.0, 1.0, 1.0, 0.0, 0.0, 1.0, 0.0, 1.0, 0.0, 0.9, 0.0, 0.9, 0.0, 0.0, 1.0, 0.1, 0.2, 1.0000000000000002, 1.0, 0.1, 0.0, 1.0000000000000002, 1.0, 0.0, 0.0, 0.8, 1.0000000000000002, 0.0, 1.0, 0.0, 1.0, 1.0, 0.0, 0.0, 0.0, 0.0, 0.0, 0.8, 0.0, 1.0, 0.0, 0.0, 1.0, 0.0, 0.5, 0.0, 0.0, 0.1, 0.0, 0.0, 0.0, 0.0, 0.0, 0.2, 0.0, 0.0, 0.0, 0.0, 1.0, 0.0, 1.0, 0.0, 0.5, 1.0000000000000002, 0.0, 1.0, 0.0, 0.0, 0.0, 0.0, 0.7, 1.0, 0.0, 0.9999999999999999, 0.4, 1.0, 0.0, 1.0, 0.0, 0.0, 1.0, 1.0, 0.0, 0.0, 1.0, 1.0, 0.0, 0.0, 1.0, 1.0, 0.0, 1.0, 0.0, 0.6000000000000001, 0.0, 1.0, 1.0, 1.0, 0.0, 0.0, 0.0, 0.2, 0.6, 0.9999999999999999, 1.0, 0.4, 1.0, 1.0, 0.1, 0.9, 0.2, 0.0, 0.8, 1.0, 0.30000000000000004, 0.0, 1.0, 0.0, 0.0, 0.2, 0.0, 0.0, 0.0, 1.0, 1.0000000000000002, 0.0, 0.2, 1.0, 0.1, 0.1, 0.0, 0.0, 0.0, 0.6000000000000001, 0.0, 0.0, 0.0, 0.0, 1.0, 1.0000000000000002, 1.0000000000000002, 1.0, 0.0, 0.0, 1.0000000000000002, 1.0, 0.0, 0.9, 0.0, 0.0, 0.0, 0.1, 0.0, 0.0, 0.7000000000000001, 0.4, 1.0, 1.0, 1.0, 1.0000000000000002, 0.30000000000000004, 0.0, 0.0, 0.0, 1.0, 1.0, 0.0, 0.0, 1.0, 1.0, 0.0, 1.0, 1.0, 0.0, 0.0, 0.0, 0.0, 0.7, 0.0, 0.9, 0.0, 0.0, 1.0, 0.0, 0.0, 0.1, 1.0, 0.0, 0.0, 1.0, 1.0, 1.0, 0.4, 0.9999999999999999, 0.9, 1.0, 0.9, 1.0000000000000002, 1.0, 0.30000000000000004, 0.0, 0.0, 0.0, 0.1, 1.0, 1.0, 1.0, 0.0, 1.0000000000000002, 1.0, 0.0, 0.0, 1.0, 1.0, 0.8, 0.0, 0.0, 0.4, 0.0, 0.0, 0.8, 1.0000000000000002, 1.0, 0.9, 0.30000000000000004, 1.0, 1.0, 1.0, 1.0, 0.0, 1.0000000000000002, 0.0, 1.0, 0.0, 0.0, 0.0, 0.4, 0.9000000000000001, 0.0, 1.0, 1.0, 1.0, 1.0, 1.0, 0.0, 0.0, 0.8, 1.0, 0.0, 1.0, 1.0, 0.0, 1.0, 0.2, 1.0, 1.0, 0.0, 0.0, 0.2, 1.0, 1.0, 0.0, 0.6000000000000001, 0.0, 0.0, 1.0000000000000002, 1.0, 0.30000000000000004, 0.0, 0.0, 1.0, 1.0, 1.0000000000000002, 0.0, 1.0, 0.0, 1.0, 0.1, 0.0, 0.0, 0.9000000000000001, 1.0, 1.0, 0.0, 0.0, 1.0000000000000002, 0.0, 1.0, 1.0, 0.2, 1.0000000000000002, 0.0, 1.0000000000000002, 1.0, 0.4, 0.0, 1.0, 0.9999999999999999, 1.0, 1.0, 0.0, 1.0000000000000002, 0.8, 0.0, 1.0000000000000002, 0.0, 0.0, 0.0, 0.0, 0.0, 0.2, 0.0, 1.0, 1.0, 0.1, 0.6000000000000001, 0.0, 1.0, 0.0, 1.0, 1.0, 1.0, 0.0, 1.0, 0.0, 0.4, 1.0, 0.0, 1.0, 0.0, 1.0, 1.0, 1.0, 1.0, 0.0, 1.0, 0.0, 0.0, 1.0, 1.0, 0.0, 1.0, 0.9999999999999999, 0.9, 0.0, 1.0, 1.0, 1.0, 0.0, 0.1, 1.0000000000000002, 1.0, 0.2, 1.0, 1.0000000000000002, 0.0, 0.0, 0.0, 0.30000000000000004, 0.0, 0.0, 0.0, 1.0, 0.1, 0.0, 1.0, 1.0000000000000002, 0.2, 1.0000000000000002, 0.0, 0.0, 0.0, 0.6, 0.0, 1.0, 0.0, 1.0, 0.0, 0.0, 0.0, 1.0, 0.0, 0.0, 0.0, 0.0, 1.0, 0.0, 0.5, 0.9, 1.0000000000000002, 0.0, 0.0, 0.0, 1.0, 0.0, 1.0, 1.0, 0.0, 0.0, 0.0, 1.0, 0.1, 1.0, 0.0, 0.0, 0.6000000000000001, 0.0, 0.8, 0.0, 0.0, 1.0, 0.0, 0.0, 1.0, 0.0, 0.0, 1.0, 0.0, 0.0, 1.0, 1.0, 0.0, 1.0, 1.0, 0.0, 1.0, 0.0, 0.4, 1.0000000000000002, 0.0, 0.0, 0.0, 0.0, 0.0, 0.0, 0.0, 0.0, 0.0, 1.0, 1.0000000000000002, 1.0, 0.4, 1.0, 0.30000000000000004, 1.0, 1.0, 0.0, 0.0, 1.0000000000000002, 0.0, 0.8, 0.0, 0.0, 1.0, 1.0, 1.0000000000000002, 0.30000000000000004, 1.0, 1.0, 0.0, 0.0, 0.0, 0.0, 0.9, 0.6, 0.0, 0.0, 0.0, 1.0, 1.0, 0.0, 0.0, 0.0, 0.0, 1.0, 1.0, 1.0, 0.30000000000000004, 0.0, 0.0, 1.0000000000000002, 1.0, 0.30000000000000004, 0.0, 0.0, 1.0000000000000002, 1.0000000000000002, 0.0, 0.0, 1.0, 1.0, 0.6, 1.0, 0.0, 0.0, 1.0, 0.0, 0.0, 1.0, 0.0, 0.0, 0.0, 0.7000000000000001, 0.0, 1.0, 0.0, 0.0, 1.0, 1.0, 0.2, 1.0000000000000002, 0.0, 0.0, 0.0, 1.0, 0.0, 1.0, 0.0, 0.0, 1.0000000000000002, 1.0, 0.2, 1.0, 1.0000000000000002, 1.0, 0.0, 1.0, 0.0, 0.0, 0.0, 1.0, 1.0, 0.0, 0.0, 0.0, 1.0, 0.0, 1.0, 0.2, 0.0, 0.0, 1.0, 0.2, 0.0, 1.0, 0.0, 1.0, 0.6000000000000001, 1.0, 0.0, 0.0, 0.0, 0.0, 0.1, 0.5, 1.0, 0.0, 1.0, 1.0, 1.0, 0.8, 0.0, 0.6, 0.0, 1.0, 0.0, 0.0, 0.9, 1.0, 0.0, 0.0, 0.0, 0.0, 1.0, 1.0, 1.0, 0.0, 0.0, 0.0, 0.0, 0.0, 0.0, 1.0, 0.0, 1.0, 0.0, 1.0, 0.0, 1.0, 0.1, 1.0, 0.0, 0.0, 0.0, 1.0000000000000002, 1.0, 1.0000000000000002, 0.0, 0.1, 0.0, 1.0, 0.0, 0.0, 0.0, 0.0, 0.8, 1.0, 0.0, 1.0, 0.0, 0.0, 0.0, 0.0, 0.0, 1.0, 0.1, 1.0, 1.0, 1.0, 1.0, 1.0, 1.0, 1.0, 1.0000000000000002, 0.0, 1.0000000000000002, 0.2, 0.0, 1.0, 1.0, 1.0, 0.5, 0.9, 1.0, 0.0, 1.0, 0.0, 0.0, 1.0, 0.0, 1.0, 0.5, 1.0, 0.0, 0.7000000000000001, 0.9, 1.0, 0.0, 0.2, 1.0, 1.0, 1.0, 1.0, 0.0, 1.0000000000000002, 0.0, 0.0, 0.0, 0.0, 0.0, 1.0, 0.0, 1.0, 1.0000000000000002, 1.0000000000000002, 0.0, 0.1, 0.9999999999999999, 0.8, 1.0, 0.9999999999999999, 0.2, 0.0, 0.0, 0.8, 0.0, 0.5, 0.2, 0.0, 0.0, 1.0, 0.4, 0.1, 1.0, 0.0, 0.7000000000000001, 1.0, 0.0, 1.0, 0.0, 1.0, 1.0, 1.0, 0.6, 0.0, 0.0, 1.0000000000000002, 0.0, 1.0000000000000002, 0.0, 0.0, 0.0, 0.9, 1.0, 0.0, 0.6000000000000001, 1.0000000000000002, 1.0, 1.0, 0.4, 1.0, 0.0, 1.0, 1.0, 1.0, 1.0, 1.0, 0.0, 0.5, 1.0, 0.0, 1.0, 0.1, 1.0, 1.0, 0.0, 0.5, 0.0, 1.0, 1.0, 0.9, 0.0, 1.0, 0.0, 0.0, 1.0, 1.0, 0.0, 1.0, 0.0, 1.0, 1.0000000000000002, 0.30000000000000004, 0.0, 0.0, 0.0, 0.0, 0.9000000000000001, 1.0, 1.0, 1.0, 0.2, 1.0, 0.0, 0.1, 0.8, 1.0000000000000002, 0.0, 1.0, 0.6, 0.0, 0.0, 1.0000000000000002, 1.0, 1.0, 0.8, 0.0, 0.9, 1.0, 0.0, 0.0, 0.0, 0.30000000000000004, 1.0, 1.0, 1.0000000000000002, 1.0, 0.0, 1.0, 1.0, 1.0, 0.0, 1.0, 0.0, 1.0, 1.0, 1.0, 1.0, 1.0, 1.0, 0.0, 1.0, 1.0000000000000002, 0.0, 1.0, 1.0, 0.30000000000000004, 0.2, 1.0, 0.0, 0.0, 0.0, 0.0, 0.2, 0.0, 0.8, 0.0, 0.0, 0.0, 0.0, 1.0, 0.0, 1.0, 1.0, 0.0, 0.0, 1.0, 1.0, 0.0, 0.5, 0.0, 0.0, 1.0000000000000002, 1.0, 0.0, 0.5, 1.0, 0.0, 0.0, 0.1, 0.0, 0.0, 1.0, 1.0, 0.4, 0.0, 0.0, 1.0, 1.0, 1.0, 0.6000000000000001, 0.0, 1.0, 0.0, 0.0, 0.9, 1.0, 0.0, 1.0, 1.0, 0.6, 0.0, 1.0, 1.0000000000000002, 0.0, 0.0, 0.8999999999999999, 0.0, 0.0, 0.0, 0.0, 0.5, 0.0, 1.0, 0.0, 1.0000000000000002, 0.0, 1.0, 0.0, 0.5, 0.0, 0.0, 1.0, 1.0, 0.0, 0.0, 1.0, 1.0, 0.4, 1.0, 0.0, 0.1, 0.0, 0.0, 0.0, 1.0, 1.0, 1.0, 0.0, 1.0, 1.0, 1.0000000000000002, 0.0, 0.0, 0.0, 0.0, 0.0, 0.30000000000000004, 0.0, 0.0, 1.0, 0.6000000000000001, 0.0, 1.0, 0.0, 0.0, 1.0, 1.0, 0.0, 0.5, 0.0, 1.0000000000000002, 0.0, 0.0, 0.7999999999999999, 0.0, 0.8, 0.8, 1.0000000000000002, 1.0, 0.0, 0.0, 0.7000000000000001, 0.0, 0.0, 0.0, 1.0, 1.0, 1.0, 0.9000000000000001, 1.0, 1.0, 0.2, 0.9, 0.6000000000000001, 0.0, 1.0, 0.0, 0.8, 0.1, 0.0, 1.0, 0.0, 1.0, 1.0, 1.0, 1.0, 0.0, 0.0, 0.0, 1.0, 0.4, 0.0, 0.0, 1.0, 1.0, 1.0, 0.0, 0.0, 0.0, 1.0, 0.1, 0.9000000000000001, 0.30000000000000004, 0.0, 1.0, 0.0, 1.0, 0.0, 0.0, 0.9, 1.0, 0.6, 0.7000000000000001, 0.0, 1.0, 0.9, 0.0, 1.0, 1.0000000000000002, 1.0, 1.0, 0.0, 0.0, 0.9, 0.0, 0.6000000000000001, 0.0, 1.0000000000000002, 1.0000000000000002, 0.1, 1.0, 0.0, 0.0, 0.7999999999999999, 0.0, 0.0, 0.0, 0.8999999999999999, 