{"dataset_name": "youtube", "noise_ratio": 0.16014234875444844, "coverage": 1.0, "noisy_class_distribution": [0.4679715302491103, 0.5320284697508897], "class_distribution": [0.4750889679715303, 0.5249110320284698], "accuracy": 0.896, "balanced_accuracy": 0.8943, "log_loss": 0.27, "ranking_quality": [0.9554, 0.9678], "detector_name": "klm_consensus", "handler_name": "filter", "fitting_time": 5.111373080871999, "params": {"splitter__threshold": 0.2, "detector__base_model__sgd__alpha": 0.001461702107197314, "detector__base_model__sgd__eta0": 0.04422706361651396, "estimator__sgd__alpha": 0.0003572369639151704, "estimator__sgd__eta0": 0.3367421184353005}, "commit": "44320d89d302b12253cc26dc4054148c2b858f86", "hostname": "r-marcel-c3-8440-01", "trust_scores": [1.0, 1.0, 0.8, 1.0, 1.0, 0.0, 1.0, 1.0, 1.0, 1.0, 1.0, 1.0, 1.0, 1.0, 0.0, 1.0, 1.0, 1.0, 0.0, 0.5, 0.9999999999999999, 1.0, 0.0, 1.0, 1.0000000000000002, 0.0, 1.0, 0.0, 1.0, 0.0, 0.0, 1.0, 0.0, 1.0, 1.0, 1.0, 0.6000000000000001, 1.0, 0.0, 1.0, 0.0, 0.5, 1.0, 0.7000000000000001, 0.0, 1.0, 1.0, 1.0, 1.0, 0.0, 1.0, 1.0, 1.0, 0.4, 1.0, 0.7000000000000001, 1.0, 0.6000000000000001, 1.0, 1.0, 0.0, 1.0, 1.0, 0.9, 0.0, 1.0, 1.0000000000000002, 1.0, 1.0, 1.0000000000000002, 1.0, 0.5, 1.0, 1.0, 1.0, 1.0, 1.0, 1.0, 1.0, 1.0, 1.0000000000000002, 1.0, 1.0, 1.0, 1.0, 1.0, 1.0, 0.0, 1.0, 1.0000000000000002, 0.0, 1.0, 1.0000000000000002, 1.0, 1.0, 1.0, 1.0, 1.0, 0.6000000000000001, 1.0, 1.0, 1.0, 0.0, 1.0, 0.0, 0.9999999999999999, 1.0, 1.0, 1.0, 1.0, 1.0, 1.0, 0.0, 1.0, 0.0, 1.0, 1.0, 0.0, 1.0, 1.0, 1.0, 0.7000000000000001, 0.1, 1.0000000000000002, 1.0, 1.0, 1.0, 1.0000000000000002, 1.0, 1.0, 1.0, 0.9, 1.0, 0.0, 0.1, 1.0, 0.0, 1.0, 0.0, 1.0000000000000002, 1.0, 1.0, 1.0, 0.4, 1.0, 1.0, 0.9, 0.0, 1.0000000000000002, 1.0000000000000002, 0.1, 0.0, 1.0, 1.0, 1.0, 1.0, 1.0, 1.0, 1.0, 1.0, 1.0, 1.0000000000000002, 1.0, 1.0, 1.0, 0.0, 0.30000000000000004, 0.6000000000000001, 1.0, 1.0, 1.0, 1.0000000000000002, 1.0, 0.2, 1.0, 1.0, 1.0, 0.6000000000000001, 0.0, 1.0, 1.0, 1.0, 0.0, 1.0, 1.0, 1.0, 1.0, 0.0, 1.0, 1.0, 1.0, 0.0, 1.0, 1.0, 0.0, 1.0, 0.0, 1.0, 1.0, 0.0, 0.9000000000000001, 1.0, 0.2, 1.0000000000000002, 0.6000000000000001, 1.0, 1.0, 1.0, 0.1, 1.0, 1.0, 0.0, 1.0, 0.0, 1.0, 0.0, 0.0, 0.0, 1.0, 0.1, 0.9000000000000001, 1.0, 1.0, 0.0, 0.7999999999999999, 1.0000000000000002, 1.0, 0.0, 1.0, 0.0, 1.0, 1.0, 0.0, 1.0, 1.0000000000000002, 1.0, 0.0, 1.0, 1.0, 1.0000000000000002, 1.0, 0.0, 1.0, 1.0, 1.0, 1.0, 0.6000000000000001, 1.0, 1.0, 0.0, 0.5, 0.0, 1.0, 0.0, 0.4, 1.0000000000000002, 1.0000000000000002, 1.0, 1.0, 0.6000000000000001, 0.2, 1.0, 1.0, 1.0, 0.0, 1.0, 1.0, 1.0, 1.0, 1.0, 0.7999999999999999, 1.0, 1.0, 1.0, 0.0, 1.0000000000000002, 1.0, 0.9000000000000001, 0.9, 1.0, 0.0, 0.0, 1.0, 1.0, 1.0, 1.0, 1.0, 1.0, 0.0, 1.0, 1.0, 1.0000000000000002, 1.0, 1.0, 0.5, 0.0, 1.0000000000000002, 1.0, 0.0, 1.0000000000000002, 1.0, 1.0, 0.9, 1.0000000000000002, 0.9000000000000001, 0.9999999999999999, 0.9, 0.9999999999999999, 1.0, 1.0, 0.6000000000000001, 0.0, 1.0, 0.0, 1.0, 1.0, 0.0, 0.9, 1.0000000000000002, 0.0, 1.0, 1.0, 1.0, 1.0, 1.0, 1.0, 1.0000000000000002, 1.0, 1.0, 0.1, 0.0, 0.0, 1.0000000000000002, 1.0, 1.0, 0.0, 1.0, 0.9, 1.0000000000000002, 1.0, 0.0, 0.5, 1.0, 0.0, 0.0, 1.0, 1.0, 1.0, 1.0, 0.8, 1.0, 1.0, 0.9, 1.0, 1.0, 1.0, 1.0, 1.0, 1.0, 0.0, 1.0, 1.0, 0.0, 1.0, 1.0, 0.7000000000000001, 1.0, 0.2, 1.0, 0.0, 0.8, 0.0, 1.0000000000000002, 1.0, 0.0, 1.0000000000000002, 1.0, 0.1, 0.7000000000000001, 1.0, 1.0000000000000002, 1.0, 0.0, 0.0, 1.0, 1.0, 1.0, 1.0000000000000002, 1.0, 1.0, 1.0, 1.0, 1.0, 1.0000000000000002, 0.5, 1.0, 0.9999999999999999, 1.0, 1.0000000000000002, 1.0000000000000002, 0.0, 1.0, 1.0, 1.0, 1.0, 0.0, 1.0, 1.0, 1.0, 1.0, 0.0, 0.1, 0.0, 0.0, 0.0, 1.0, 1.0, 0.4, 1.0, 1.0, 0.0, 0.0, 1.0, 0.0, 1.0, 1.0, 0.0, 1.0, 1.0, 1.0, 1.0000000000000002, 0.9999999999999999, 1.0, 1.0, 1.0, 1.0000000000000002, 0.0, 1.0, 1.0, 0.0, 1.0, 0.0, 1.0, 0.0, 1.0, 1.0000000000000002, 0.9, 1.0, 1.0, 1.0, 1.0, 1.0, 0.0, 0.0, 1.0, 1.0, 1.0, 1.0000000000000002, 1.0, 1.0, 1.0000000000000002, 1.0, 1.0, 0.9000000000000001, 1.0, 0.9000000000000001, 0.0, 1.0000000000000002, 1.0, 1.0, 0.0, 1.0, 1.0, 1.0, 1.0, 1.0, 1.0, 1.0000000000000002, 1.0000000000000002, 1.0, 1.0, 0.9000000000000001, 0.9, 1.0, 1.0, 1.0, 0.9, 1.0, 1.0, 1.0, 0.7000000000000001, 1.0000000000000002, 0.1, 0.9999999999999999, 0.9, 0.0, 1.0000000000000002, 1.0, 0.0, 0.1, 0.5, 1.0, 1.0000000000000002, 1.0, 1.0, 1.0, 1.0000000000000002, 1.0, 1.0, 1.0, 1.0, 1.0, 0.0, 1.0, 1.0, 1.0, 1.0, 1.0, 1.0, 0.1, 1.0000000000000002, 1.0, 1.0, 1.0, 1.0, 0.1, 0.0, 0.0, 0.30000000000000004, 1.0, 0.0, 1.0, 0.1, 1.0, 1.0, 1.0, 1.0, 1.0, 1.0, 1.0, 1.0, 0.1, 1.0, 0.7000000000000001, 1.0000000000000002, 1.0, 1.0, 1.0, 0.0, 0.0, 1.0000000000000002, 1.0, 1.0, 1.0, 1.0, 1.0, 1.0, 1.0, 1.0000000000000002, 1.0, 0.4, 1.0, 0.4, 0.0, 1.0, 0.6000000000000001, 0.9, 0.0, 1.0, 0.0, 1.0000000000000002, 0.0, 0.8, 1.0, 1.0000000000000002, 1.0000000000000002, 1.0, 1.0, 1.0, 1.0000000000000002, 0.0, 1.0000000000000002, 1.0000000000000002, 1.0, 1.0, 0.0, 1.0000000000000002, 0.0, 1.0, 1.0000000000000002, 0.30000000000000004, 1.0000000000000002, 0.9, 1.0, 1.0, 0.9, 0.0, 1.0, 1.0000000000000002, 1.0, 0.30000000000000004, 0.0, 0.0, 1.0, 1.0, 0.0, 1.0, 0.4, 0.0, 1.0, 1.0, 0.0, 0.0, 1.0, 0.0, 0.0, 1.0, 1.0, 1.0, 1.0000000000000002, 0.0, 1.0, 0.0, 1.0, 1.0, 1.0, 0.1, 1.0, 1.0000000000000002, 1.0, 1.0, 1.0, 0.0, 1.0, 0.2, 0.0, 1.0000000000000002, 1.0, 1.0, 1.0, 0.0, 0.0, 1.0000000000000002, 1.0, 1.0, 0.0, 1.0, 1.0, 1.0, 1.0, 0.0, 1.0000000000000002, 1.0, 0.0, 0.5, 1.0000000000000002, 0.7000000000000001, 0.7000000000000001, 0.0, 1.0, 1.0, 1.0, 1.0, 1.0, 1.0, 1.0, 1.0, 1.0, 1.0, 0.0, 1.0, 1.0, 1.0, 1.0, 1.0000000000000002, 1.0, 1.0, 1.0, 0.0, 0.2, 1.0000000000000002, 1.0, 1.0, 1.0, 1.0, 1.0000000000000002, 1.0, 1.0, 0.30000000000000004, 0.9, 0.0, 0.8, 0.0, 1.0, 1.0000000000000002, 1.0, 1.0, 0.9, 1.0, 0.6000000000000001, 0.4, 1.0, 1.0, 1.0, 1.0, 1.0, 1.0000000000000002, 1.0, 1.0, 1.0, 1.0, 1.0, 1.0, 1.0, 1.0000000000000002, 1.0, 1.0, 1.0, 0.9999999999999999, 0.0, 1.0000000000000002, 1.0, 1.0, 1.0, 1.0, 1.0000000000000002, 1.0, 0.0, 1.0, 1.0, 1.0, 1.0, 1.0, 0.0, 1.0, 1.0, 1.0, 0.9, 0.4, 0.0, 0.0, 0.0, 1.0, 0.0, 0.0, 1.0, 1.0, 1.0, 1.0, 1.0, 1.0, 0.0, 1.0, 1.0, 1.0, 1.0, 1.0, 1.0, 0.9, 1.0, 1.0000000000000002, 1.0, 1.0000000000000002, 0.0, 0.0, 0.0, 1.0, 1.0, 0.8, 1.0, 0.0, 0.4, 1.0, 1.0, 1.0, 1.0, 1.0, 1.0, 1.0, 1.0, 1.0, 0.1, 1.0, 1.0, 1.0, 1.0, 0.30000000000000004, 1.0, 0.30000000000000004, 1.0, 1.0, 0.30000000000000004, 1.0, 1.0, 0.7000000000000001, 1.0, 1.0, 1.0, 1.0, 0.0, 1.0000000000000002, 1.0, 1.0, 0.30000000000000004, 1.0000000000000002, 0.0, 1.0, 1.0, 1.0, 1.0, 1.0, 0.0, 1.0, 1.0, 1.0, 1.0, 1.0000000000000002, 1.0, 1.0, 1.0, 1.0000000000000002, 1.0, 1.0, 1.0, 1.0, 1.0000000000000002, 1.0, 1.0, 0.9000000000000001, 0.9000000000000001, 1.0, 1.0, 1.0, 1.0, 1.0, 1.0, 0.8, 1.0, 1.0000000000000002, 1.0, 1.0, 1.0, 1.0, 1.0, 1.0, 0.2, 0.0, 1.0, 1.0000000000000002, 1.0, 1.0, 1.0, 0.7000000000000001, 0.0, 1.0, 1.0, 1.0000000000000002, 1.0000000000000002, 1.0, 1.0, 1.0, 1.0, 1.0, 1.0, 1.0, 0.6000000000000001, 0.8, 1.0, 1.0000000000000002, 0.0, 0.9999999999999999, 1.0, 1.0, 1.0000000000000002, 1.0, 0.0, 1.0, 0.0, 0.9, 0.9, 0.0, 0.9, 1.0, 1.0000000000000002, 1.0, 1.0, 0.8, 1.0, 1.0, 1.0, 1.0, 1.0, 1.0, 1.0, 1.0, 1.0, 1.0, 0.9000000000000001, 0.0, 0.6, 1.0, 0.6, 0.0, 0.0, 1.0, 1.0, 0.1, 1.0, 1.0, 0.0, 1.0, 1.0, 0.0, 0.0, 1.0, 0.6, 1.0, 1.0, 0.0, 1.0000000000000002, 1.0, 1.0, 0.0, 1.0, 1.0, 1.0000000000000002, 0.0, 1.0, 1.0, 1.0, 0.2, 1.0000000000000002, 1.0, 1.0, 1.0, 1.0, 0.0, 1.0, 1.0, 0.9999999999999999, 0.8, 0.0, 1.0, 1.0, 0.9, 1.0, 1.0000000000000002, 1.0000000000000002, 1.0, 1.0, 1.0, 1.0000000000000002, 1.0, 1.0, 1.0, 0.0, 1.0000000000000002, 1.0, 1.0, 0.30000000000000004, 0.0, 1.0, 1.0, 0.0, 1.0, 0.0, 1.0, 1.0, 0.0, 1.0, 0.0, 1.0, 1.0000000000000002, 1.0, 0.5, 1.0, 1.0000000000000002, 0.9, 1.0, 1.0, 0.0, 1.0, 0.0, 