{"dataset_name": "amazon", "noise_ratio": 0.15173749999999997, "coverage": 1.0, "noisy_class_distribution": [0.5001625, 0.4998375], "class_distribution": [0.5004375, 0.4995625], "accuracy": 0.7739, "balanced_accuracy": 0.7739, "log_loss": 0.5096, "ranking_quality": [0.0, 0.0], "detector_name": "wood", "handler_name": "filter", "fitting_time": 96.92406427487731, "params": {"sgd__alpha": 4.801734425186405e-05, "sgd__eta0": 0.008337867262111444}, "commit": "44320d89d302b12253cc26dc4054148c2b858f86", "hostname": "r-marcel-c3-8440-01"}