{"dataset_name": "imdb", "noise_ratio": 0.15015, "coverage": 1.0, "noisy_class_distribution": [0.50335, 0.49665], "class_distribution": [0.5, 0.5], "accuracy": 0.8452, "balanced_accuracy": 0.8452, "log_loss": 0.4282, "ranking_quality": [0.0, 0.0], "detector_name": "wood", "handler_name": "filter", "fitting_time": 1.2199758440256119, "params": {"sgd__alpha": 1.2746294693776517e-05, "sgd__eta0": 0.06246094567774307}, "commit": "44320d89d302b12253cc26dc4054148c2b858f86", "hostname": "r-marcel-c3-8440-01"}