{"dataset_name": "imdb136", "noise_ratio": 0.15132, "coverage": 1.0, "noisy_class_distribution": [0.5006, 0.4994], "class_distribution": [0.5, 0.5], "accuracy": 0.8652, "balanced_accuracy": 0.8652, "log_loss": 0.4241, "ranking_quality": [0.0, 0.0], "detector_name": "wood", "handler_name": "filter", "fitting_time": 1.0541042368859053, "params": {"sgd__alpha": 3.904418031383542e-05, "sgd__eta0": 0.04908807672788889}, "commit": "44320d89d302b12253cc26dc4054148c2b858f86", "hostname": "r-marcel-c3-8440-01"}