{"dataset_name": "mushroom", "noise_ratio": 0.14694568395137708, "coverage": 1.0, "noisy_class_distribution": [0.5120787813509771, 0.48792121864902294], "class_distribution": [0.5122326511771041, 0.48776734882289585], "accuracy": 1.0, "balanced_accuracy": 1.0, "log_loss": 0.1604, "ranking_quality": [0.0, 0.0], "detector_name": "wood", "handler_name": "filter", "fitting_time": 0.25344374775886536, "params": {"sgd__alpha": 9.63121355425406e-05, "sgd__eta0": 0.006792205395839504}, "commit": "44320d89d302b12253cc26dc4054148c2b858f86", "hostname": "r-marcel-c3-8440-01"}