{"dataset_name": "professor_teacher", "noise_ratio": 0.15462827395477474, "coverage": 1.0, "noisy_class_distribution": [0.4990239141044412, 0.5009760858955588], "class_distribution": [0.49536359199609564, 0.5046364080039043], "accuracy": 0.8914, "balanced_accuracy": 0.8916, "log_loss": 0.3524, "ranking_quality": [0.0, 0.0], "detector_name": "wood", "handler_name": "filter", "fitting_time": 0.33110352605581284, "params": {"sgd__alpha": 1.1851992182190765e-05, "sgd__eta0": 0.13523172933070973}, "commit": "44320d89d302b12253cc26dc4054148c2b858f86", "hostname": "r-marcel-c3-8440-01"}