{"dataset_name": "spambase", "noise_ratio": 0.1423913043478261, "coverage": 1.0, "noisy_class_distribution": [0.5736413043478261, 0.42635869565217394], "class_distribution": [0.6057065217391304, 0.3942934782608696], "accuracy": 0.9046, "balanced_accuracy": 0.8887, "log_loss": 0.3408, "ranking_quality": [0.0, 0.0], "detector_name": "wood", "handler_name": "filter", "fitting_time": 0.19768930412828922, "params": {"sgd__alpha": 0.0006295464370991326, "sgd__eta0": 0.0035141230633843924}, "commit": "44320d89d302b12253cc26dc4054148c2b858f86", "hostname": "r-marcel-c3-8440-01"}