{"dataset_name": "commercial", "noise_ratio": 0.09688133478871042, "coverage": 1.0, "noisy_class_distribution": [0.6828161546857945, 0.3171838453142055], "class_distribution": [0.7179167316388586, 0.28208326836114145], "accuracy": 0.941, "balanced_accuracy": 0.927, "log_loss": 0.1629, "ranking_quality": [1.0, 1.0], "detector_name": "silver", "handler_name": "filter", "fitting_time": 236.10231135971844, "params": {"learning_rate": 0.04403927570229599, "reg_lambda": 13.358952153214531}, "commit": "22a6f43d2d10642b52f74896ccb93adec495ea1f", "hostname": "r-marcel-c3-8440-01"}