{"dataset_name": "imdb136", "noise_ratio": 0.2672597176561593, "coverage": 0.82736, "noisy_class_distribution": [0.3248404563914137, 0.6751595436085863], "class_distribution": [0.5, 0.5], "accuracy": 0.7282, "balanced_accuracy": 0.7282, "log_loss": 0.5842, "ranking_quality": [1.0, 1.0], "detector_name": "silver", "handler_name": "filter", "fitting_time": 182.27937312610447, "params": {"learning_rate": 0.004364432970930683, "reg_lambda": 72.76699683497316}, "commit": "78100f816c93d2b55b0299b7329300fe0f7d5b50", "hostname": "r-marcel-c3-abs20-12"}