{"dataset_name": "professor_teacher", "noise_ratio": 0.17864311521477316, "coverage": 0.8104766552789979, "noisy_class_distribution": [0.508329987956644, 0.4916700120433561], "class_distribution": [0.49536359199609564, 0.5046364080039043], "accuracy": 0.8354, "balanced_accuracy": 0.836, "log_loss": 0.3739, "ranking_quality": [1.0, 1.0], "detector_name": "silver", "handler_name": "filter", "fitting_time": 62.06233895290643, "params": {"learning_rate": 0.0076904517659504516, "reg_lambda": 5.178312495455872}, "commit": "78100f816c93d2b55b0299b7329300fe0f7d5b50", "hostname": "r-marcel-c3-abs20-12"}