{"dataset_name": "spambase", "noise_ratio": 0.24812239221140475, "coverage": 0.9769021739130435, "noisy_class_distribution": [0.800278164116829, 0.19972183588317108], "class_distribution": [0.6057065217391304, 0.3942934782608696], "accuracy": 0.8568, "balanced_accuracy": 0.8215, "log_loss": 0.3655, "ranking_quality": [1.0, 1.0], "detector_name": "silver", "handler_name": "filter", "fitting_time": 28.24696503393352, "params": {"learning_rate": 0.002311446357312322, "reg_lambda": 37.79993946830557}, "commit": "78100f816c93d2b55b0299b7329300fe0f7d5b50", "hostname": "r-marcel-c3-abs20-12"}