{"dataset_name": "tennis", "noise_ratio": 0.13320879436700672, "coverage": 1.0, "noisy_class_distribution": [0.5824112659864923, 0.4175887340135077], "class_distribution": [0.5883029170857882, 0.4116970829142118], "accuracy": 0.8625, "balanced_accuracy": 0.8604, "log_loss": 0.394, "ranking_quality": [1.0, 1.0], "detector_name": "silver", "handler_name": "filter", "fitting_time": 57.70293294452131, "params": {"learning_rate": 0.0015396344499310568, "reg_lambda": 92.2755829957571}, "commit": "78100f816c93d2b55b0299b7329300fe0f7d5b50", "hostname": "r-marcel-c3-abs20-12"}