{"dataset_name": "yoruba", "noise_ratio": 0.40192153722978385, "coverage": 0.932089552238806, "noisy_class_distribution": [0.057646116893514815, 0.2530024019215372, 0.0600480384307446, 0.09687750200160128, 0.2746196957566053, 0.0656525220176141, 0.1921537229783827], "class_distribution": [0.0708955223880597, 0.18880597014925374, 0.03805970149253731, 0.3604477611940298, 0.24104477611940298, 0.03731343283582089, 0.06343283582089553], "accuracy": 0.4195, "balanced_accuracy": 0.318, "log_loss": 1.4406, "ranking_quality": [1.0, 1.0, 1.0, 1.0, 1.0, 1.0, 1.0], "detector_name": "silver", "handler_name": "filter", "fitting_time": 43.30494926683605, "params": {"learning_rate": 0.04075541235913021, "reg_lambda": 31.716590752348218}, "commit": "78100f816c93d2b55b0299b7329300fe0f7d5b50", "hostname": "r-marcel-c3-abs20-12"}