{"dataset_name": "mushroom", "noise_ratio": 0.13238697731831506, "coverage": 0.9972303431297123, "noisy_class_distribution": [0.4917451010646505, 0.5082548989353495], "class_distribution": [0.5122326511771041, 0.48776734882289585], "accuracy": 1.0, "balanced_accuracy": 1.0, "log_loss": 0.0262, "ranking_quality": [0.0, 0.0], "detector_name": "gold", "handler_name": "filter", "fitting_time": 1.6090252082794905, "params": {"sgd__alpha": 0.0001, "sgd__eta0": 0.1}, "commit": "f963f0979e166b9cf2c9b00513cd6c493e506c8d", "hostname": "r-marcel-c3-liqid-02"}