{"dataset_name": "agnews", "noise_ratio": 0.1852399191724221, "coverage": 0.6907708333333333, "noisy_class_distribution": [0.259884790541967, 0.27387881895225746, 0.26985251982990016, 0.19638387067587537], "class_distribution": [0.2518125, 0.24691666666666667, 0.2475, 0.25377083333333333], "accuracy": 0.638, "balanced_accuracy": 0.6376, "log_loss": 0.9442, "ranking_quality": [0.0, 0.0, 0.0, 0.0], "detector_name": "none", "handler_name": "filter", "fitting_time": 46.6386303557083, "params": {"sgd__alpha": 1.4427732966861934e-05, "sgd__eta0": 0.02339100750571593}, "commit": "87401ba1c2902fa3f83590d5e5b7e2debbd6f13d", "hostname": "r-marcel-c3-8440-02"}