{"dataset_name": "commercial", "noise_ratio": 0.09688133478871042, "coverage": 1.0, "noisy_class_distribution": [0.6828161546857945, 0.3171838453142055], "class_distribution": [0.7179167316388586, 0.28208326836114145], "accuracy": 0.907, "balanced_accuracy": 0.8866, "log_loss": 0.2563, "ranking_quality": [0.0, 0.0], "detector_name": "none", "handler_name": "filter", "fitting_time": 43.41330950707197, "params": {"sgd__alpha": 0.00014123781076910022, "sgd__eta0": 0.0011778758083384605}, "commit": "87401ba1c2902fa3f83590d5e5b7e2debbd6f13d", "hostname": "r-marcel-c3-8440-02"}