{"dataset_name": "professor_teacher", "noise_ratio": 0.17864311521477316, "coverage": 0.8104766552789979, "noisy_class_distribution": [0.508329987956644, 0.4916700120433561], "class_distribution": [0.49536359199609564, 0.5046364080039043], "accuracy": 0.8613, "balanced_accuracy": 0.8615, "log_loss": 0.3771, "ranking_quality": [0.0, 0.0], "detector_name": "none", "handler_name": "filter", "fitting_time": 0.4308012407273054, "params": {"sgd__alpha": 0.0001422000613277072, "sgd__eta0": 0.03906252683672414}, "commit": "87401ba1c2902fa3f83590d5e5b7e2debbd6f13d", "hostname": "r-marcel-c3-8440-02"}