{"dataset_name": "sms", "noise_ratio": 0.028617710583153322, "coverage": 0.4051629840297528, "noisy_class_distribution": [0.8606911447084233, 0.13930885529157666], "class_distribution": [0.8650185954933275, 0.1349814045066725], "accuracy": 0.918, "balanced_accuracy": 0.7003, "log_loss": 0.2296, "ranking_quality": [0.0, 0.0], "detector_name": "none", "handler_name": "filter", "fitting_time": 1.2029431285336614, "params": {"sgd__alpha": 0.00013563740170705721, "sgd__eta0": 0.5705181713480673}, "commit": "87401ba1c2902fa3f83590d5e5b7e2debbd6f13d", "hostname": "r-marcel-c3-8440-02"}