{"dataset_name": "yoruba", "noise_ratio": 0.40192153722978385, "coverage": 0.932089552238806, "noisy_class_distribution": [0.057646116893514815, 0.2530024019215372, 0.0600480384307446, 0.09687750200160128, 0.2746196957566053, 0.0656525220176141, 0.1921537229783827], "class_distribution": [0.0708955223880597, 0.18880597014925374, 0.03805970149253731, 0.3604477611940298, 0.24104477611940298, 0.03731343283582089, 0.06343283582089553], "accuracy": 0.3694, "balanced_accuracy": 0.2825, "log_loss": 1.6632, "ranking_quality": [0.0, 0.0, 0.0, 0.0, 0.0, 0.0, 0.0], "detector_name": "none", "handler_name": "filter", "fitting_time": 2.5745393857359886, "params": {"sgd__alpha": 4.27054021578612e-05, "sgd__eta0": 0.13778535800421135}, "commit": "87401ba1c2902fa3f83590d5e5b7e2debbd6f13d", "hostname": "r-marcel-c3-8440-02"}