{"dataset_name": "agnews", "noise_ratio": 0.22717708333333334, "noisy_class_distribution": [0.2522916666666667, 0.24702083333333333, 0.249, 0.2516875], "class_distribution": [0.2518125, 0.24691666666666667, 0.2475, 0.25377083333333333], "accuracy": 0.8748, "balanced_accuracy": 0.8756, "log_loss": 0.5088, "ranking_quality": [0.0, 0.0, 0.0, 0.0], "detector_name": "gold", "handler_name": "filter", "fitting_time": 0.820880395360291, "params": {"sgd__alpha": 0.0001, "sgd__eta0": 0.1}, "commit": "a09866f5ec62619c142b1f84a18bf8a420118b9d", "hostname": "r-marcel-c3-8440-02"}