{"dataset_name": "mushroom", "noise_ratio": 0.14694568395137714, "noisy_class_distribution": [0.5120787813509771, 0.48792121864902294], "class_distribution": [0.5122326511771041, 0.48776734882289585], "accuracy": 1.0, "balanced_accuracy": 1.0, "log_loss": 0.0262, "ranking_quality": [0.0, 0.0], "detector_name": "gold", "handler_name": "filter", "fitting_time": 1.733350525610149, "params": {"sgd__alpha": 0.0001, "sgd__eta0": 0.1}, "commit": "a09866f5ec62619c142b1f84a18bf8a420118b9d", "hostname": "r-marcel-c3-8440-02"}