{"dataset_name": "youtube", "noise_ratio": 0.149402390438247, "coverage": 0.8932384341637011, "noisy_class_distribution": [0.5517928286852589, 0.448207171314741], "class_distribution": [0.4750889679715303, 0.5249110320284698], "accuracy": 0.876, "balanced_accuracy": 0.8691, "log_loss": 0.3081, "ranking_quality": [0.9967, 0.7545], "detector_name": "gb_consensus", "handler_name": "filter", "fitting_time": 236.18129763938487, "params": {"splitter__threshold": 0.2, "detector__base_model__learning_rate": 0.024492355898491476, "estimator__sgd__alpha": 0.0007718228235554693, "estimator__sgd__eta0": 0.26983431050450096}, "commit": "250af80d14f95a33efbf01b8c68d859df9c641c7", "hostname": "r-marcel-c3-abs20-12", "trust_scores": [0.8, 1.0, 0.0, 1.0, 1.0, 1.0, 1.0, 0.1, 0.0, 0.0, 0.0, 0.6000000000000001, 0.1, 1.0, 1.0, 1.0, 0.8, 1.0, 0.8, 1.0000000000000002, 1.0000000000000002, 0.0, 0.5, 1.0, 0.0, 1.0, 1.0, 1.0, 1.0, 0.0, 0.30000000000000004, 1.0, 1.0, 0.2, 0.7000000000000001, 1.0, 0.30000000000000004, 1.0, 1.0, 1.0000000000000002, 1.0, 1.0, 1.0, 1.0, 0.5, 1.0, 1.0, 0.8, 0.7000000000000001, 0.2, 1.0, 0.0, 1.0, 0.9, 1.0, 0.0, 0.5, 0.2, 1.0, 1.0, 0.0, 1.0, 0.8, 0.0, 1.0000000000000002, 1.0, 0.2, 1.0, 0.9, 1.0, 1.0, 0.0, 1.0000000000000002, 0.0, 0.1, 0.1, 1.0, 1.0, 1.0, 1.0, 0.1, 1.0000000000000002, 0.6000000000000001, 1.0, 1.0, 0.30000000000000004, 0.4, 1.0, 1.0, 1.0, 1.0, 1.0, 1.0, 1.0, 1.0, 0.7000000000000001, 0.1, 1.0, 1.0, 1.0, 1.0, 0.7, 1.0, 1.0, 1.0, 1.0, 1.0, 1.0, 1.0, 0.0, 0.7000000000000001, 1.0, 0.4, 0.0, 0.7999999999999999, 1.0, 1.0000000000000002, 1.0, 0.0, 1.0, 1.0, 1.0000000000000002, 1.0, 1.0, 1.0, 1.0, 1.0, 1.0, 1.0, 1.0, 1.0, 1.0, 1.0, 1.0, 1.0000000000000002, 1.0000000000000002, 1.0, 1.0, 1.0, 0.0, 1.0, 1.0, 1.0, 1.0, 1.0, 1.0, 0.4, 1.0000000000000002, 1.0, 1.0, 1.0, 1.0, 0.1, 1.0, 1.0, 1.0, 1.0, 1.0, 1.0, 0.2, 1.0, 0.30000000000000004, 1.0, 1.0, 0.0, 1.0, 0.2, 1.0, 1.0, 1.0, 1.0, 0.8, 1.0, 1.0, 1.0, 1.0, 1.0, 1.0, 1.0, 1.0000000000000002, 1.0000000000000002, 1.0, 1.0, 1.0000000000000002, 1.0, 1.0, 1.0, 1.0, 1.0, 1.0000000000000002, 1.0, 1.0, 0.0, 0.6, 1.0, 1.0, 0.9000000000000001, 1.0, 0.0, 1.0, 0.0, 1.0, 0.0, 1.0, 1.0, 1.0, 1.0, 1.0, 1.0, 1.0, 1.0, 1.0, 1.0, 1.0, 0.6000000000000001, 1.0000000000000002, 1.0, 1.0, 1.0, 0.9, 1.0, 1.0, 0.5, 0.1, 1.0, 1.0, 1.0, 1.0, 1.0, 1.0, 0.4, 0.9, 1.0000000000000002, 1.0, 1.0, 0.0, 1.0, 1.0000000000000002, 1.0000000000000002, 0.2, 1.0, 1.0, 1.0, 1.0, 0.0, 1.0, 1.0, 0.7, 1.0, 1.0, 1.0000000000000002, 1.0, 0.5, 1.0, 1.0, 1.0, 1.0, 1.0, 1.0000000000000002, 1.0, 1.0, 0.5, 0.6, 1.0000000000000002, 1.0, 1.0, 1.0, 1.0, 0.0, 0.0, 0.0, 1.0, 0.1, 1.0, 1.0, 0.1, 0.0, 1.0, 1.0, 0.30000000000000004, 0.4, 0.1, 0.0, 1.0, 0.6000000000000001, 1.0, 1.0, 0.0, 1.0, 1.0, 0.9999999999999999, 0.5, 1.0, 0.7000000000000001, 1.0000000000000002, 0.5, 1.0, 1.0, 1.0, 1.0, 1.0, 1.0, 0.4, 1.0, 1.0, 1.0, 1.0, 1.0, 0.6000000000000001, 0.0, 0.1, 1.0, 1.0, 0.7000000000000001, 0.5, 1.0000000000000002, 1.0, 0.9, 1.0, 0.0, 0.0, 0.0, 1.0000000000000002, 1.0, 1.0, 0.0, 0.7000000000000001, 0.8, 1.0, 0.0, 0.7, 0.0, 0.8, 1.0000000000000002, 0.7000000000000001, 0.0, 1.0, 1.0, 1.0, 0.0, 1.0000000000000002, 0.1, 1.0, 1.0, 1.0, 1.0, 1.0, 1.0, 1.0, 1.0, 1.0, 1.0, 1.0, 0.6000000000000001, 0.8, 1.0000000000000002, 0.7000000000000001, 0.6000000000000001, 0.2, 1.0, 0.4, 1.0, 1.0, 0.8, 1.0, 1.0, 1.0, 1.0, 1.0000000000000002, 0.0, 1.0, 0.9999999999999999, 1.0, 1.0000000000000002, 0.5, 0.0, 0.2, 1.0, 1.0, 1.0, 0.0, 1.0, 1.0, 1.0, 1.0000000000000002, 1.0000000000000002, 1.0, 1.0, 0.0, 1.0, 0.1, 0.9, 0.1, 1.0, 1.0, 0.0, 1.0, 1.0000000000000002, 0.4, 1.0, 1.0, 1.0, 1.0, 1.0, 1.0, 0.0, 1.0, 1.0000000000000002, 0.2, 1.0, 1.0, 0.4, 1.0000000000000002, 0.6000000000000001, 1.0, 1.0, 1.0, 1.0, 1.0, 1.0, 0.7, 1.0, 1.0000000000000002, 0.8, 0.7, 0.9, 1.0, 1.0, 1.0, 1.0, 0.7000000000000001, 1.0, 1.0, 0.5, 1.0, 0.1, 0.0, 1.0, 1.0, 1.0, 1.0, 0.9999999999999999, 0.9000000000000001, 0.0, 0.5, 1.0, 1.0, 1.0, 0.0, 1.0000000000000002, 0.6000000000000001, 1.0, 0.5, 1.0000000000000002, 0.6000000000000001, 1.0, 0.9, 1.0, 1.0, 0.9, 1.0, 0.6, 1.0, 0.0, 0.5, 0.0, 1.0000000000000002, 1.0, 0.0, 0.0, 1.0000000000000002, 0.6000000000000001, 1.0, 1.0, 1.0, 1.0000000000000002, 1.0, 0.7, 1.0, 1.0, 0.9, 0.9000000000000001, 0.5, 0.0, 1.0, 0.0, 1.0, 1.0, 0.0, 1.0000000000000002, 1.0, 0.9999999999999999, 1.0, 0.5, 0.8, 1.0, 1.0000000000000002, 1.0, 1.0, 1.0, 0.4, 1.0, 1.0, 0.7000000000000001, 1.0, 1.0, 1.0, 1.0, 0.0, 1.0, 1.0, 1.0, 1.0, 0.6, 0.0, 1.0, 0.8, 1.0, 1.0, 0.30000000000000004, 1.0, 1.0000000000000002, 1.0, 1.0, 0.6, 1.0, 1.0, 0.0, 1.0, 1.0, 1.0, 0.0, 1.0, 0.0, 1.0, 0.0, 1.0, 1.0, 1.0, 1.0, 1.0, 1.0, 0.4, 1.0, 0.5, 1.0000000000000002, 1.0, 0.0, 1.0, 1.0, 1.0, 1.0, 1.0, 1.0, 1.0, 1.0, 1.0, 1.0, 1.0, 0.0, 1.0, 1.0, 1.0, 0.0, 1.0, 1.0, 0.30000000000000004, 0.2, 1.0, 0.8, 1.0000000000000002, 1.0, 1.0, 1.0, 1.0, 1.0, 1.0, 1.0000000000000002, 0.8, 1.0000000000000002, 1.0, 1.0000000000000002, 1.0, 1.0, 1.0, 0.1, 0.0, 1.0, 1.0, 1.0, 0.30000000000000004, 1.0, 1.0, 1.0, 1.0000000000000002, 0.0, 1.0, 1.0, 1.0, 1.0, 0.0, 0.5, 1.0, 1.0000000000000002, 1.0, 1.0, 1.0, 1.0, 1.0000000000000002, 1.0, 0.0, 1.0000000000000002, 1.0, 0.0, 1.0000000000000002, 1.0, 1.0, 1.0, 1.0, 1.0, 1.0, 1.0, 1.0, 1.0, 1.0000000000000002, 1.0, 1.0, 1.0000000000000002, 1.0, 1.0, 0.0, 1.0, 1.0, 1.0, 1.0, 1.0, 1.0, 1.0, 1.0, 1.0, 1.0, 1.0, 1.0000000000000002, 1.0, 1.0, 0.9999999999999999, 1.0, 1.0, 1.0, 1.0, 1.0, 1.0, 1.0, 1.0, 1.0, 1.0, 1.0, 1.0000000000000002, 1.0, 0.0, 1.0, 1.0, 1.0, 1.0, 1.0, 1.0, 1.0, 1.0, 1.0, 1.0000000000000002, 1.0, 1.0, 1.0, 1.0, 1.0, 1.0, 1.0, 1.0, 1.0, 1.0, 1.0, 1.0, 1.0000000000000002, 0.0, 1.0, 1.0, 1.0, 1.0, 1.0, 1.0, 1.0, 1.0, 1.0, 1.0, 1.0, 1.0, 1.0, 1.0000000000000002, 1.0000000000000002, 1.0000000000000002, 1.0000000000000002, 1.0, 1.0000000000000002, 1.0, 1.0, 1.0, 1.0, 1.0, 1.0000000000000002, 1.0, 1.0, 1.0, 1.0, 0.0, 1.0000000000000002, 1.0, 0.0, 1.0, 1.0, 1.0, 1.0, 1.0, 0.9999999999999999, 0.0, 1.0, 1.0, 1.0, 1.0, 1.0, 1.0000000000000002, 1.0, 1.0, 0.0, 0.9999999999999999, 1.0, 1.0, 1.0, 1.0, 1.0, 1.0000000000000002, 0.0, 1.0, 1.0, 1.0, 0.0, 1.0, 1.0, 0.8999999999999999, 1.0000000000000002, 1.0, 1.0000000000000002, 0.0, 1.0, 1.0000000000000002, 1.0000000000000002, 1.0000000000000002, 1.0, 1.0, 1.0, 1.0, 1.0, 1.0, 0.0, 1.0, 1.0, 0.0, 1.0, 1.0, 0.9, 1.0, 1.0, 1.0, 1.0, 1.0, 1.0, 0.9999999999999999, 1.0, 1.0, 0.0, 0.0, 1.0, 1.0, 1.0, 1.0, 1.0, 1.0, 0.0, 1.0, 1.0, 1.0, 1.0, 1.0, 1.0, 1.0, 1.0, 1.0, 1.0, 1.0, 1.0, 1.0, 1.0, 0.9999999999999999, 1.0, 1.0, 1.0000000000000002, 0.0, 0.0, 1.0, 1.0, 1.0, 1.0, 1.0, 1.0, 1.0, 1.0, 1.0000000000000002, 1.0, 1.0000000000000002, 1.0, 1.0, 0.0, 0.0, 1.0, 1.0, 1.0, 1.0, 1.0, 1.0, 1.0, 1.0, 1.0, 1.0, 1.0, 1.0, 1.0, 1.0, 0.9, 0.0, 1.0, 1.0, 1.0, 1.0, 1.0, 1.0, 1.0000000000000002, 1.0, 1.0, 1.0, 1.0, 1.0, 1.0, 1.0, 1.0, 1.0, 1.0, 1.0, 0.9, 1.0, 1.0, 1.0, 1.0, 1.0, 1.0000000000000002, 1.0, 1.0, 1.0, 1.0, 1.0, 0.0, 0.9999999999999999, 1.0, 1.0, 1.0, 1.0, 1.0, 1.0, 1.0, 1.0, 1.0, 1.0, 1.0, 1.0, 1.0, 1.0, 0.9999999999999999, 1.0000000000000002, 1.0, 1.0, 1.0, 1.0, 1.0, 1.0, 1.0000000000000002, 1.0, 1.0, 1.0, 1.0, 0.1, 1.0, 1.0, 1.0, 1.0000000000000002, 1.0, 1.0, 1.0, 1.0, 0.0, 1.0, 1.0, 1.0, 1.0, 1.0, 1.0, 1.0, 1.0, 1.0, 1.0, 1.0, 1.0000000000000002, 1.0000000000000002, 1.0, 1.0, 1.0, 1.0000000000000002, 1.0, 1.0, 1.0, 1.0000000000000002, 1.0, 1.0, 1.0, 0.0, 1.0, 1.0000000000000002, 1.0, 1.0, 1.0, 1.0000000000000002, 1.0, 1.0000000000000002, 1.0, 0.0, 1.0, 1.0, 1.0, 1.0, 1.0, 1.0, 1.0, 1.0, 1.0, 1.0, 1.0, 0.0, 1.0, 0.30000000000000004, 1.0, 1.0, 1.0000000000000002, 1.0, 1.0, 1.0, 1.0, 0.4, 1.0, 1.0, 1.0, 1.0, 1.0000000000000002, 1.0000000000000002, 1.0000000000000002, 1.0, 1.0, 1.0, 1.0, 1.0000000000000002, 1.0, 1.0000000000000002, 0.7999999999999999, 1.0, 1.0, 1.0, 0.9, 1.0, 1.0, 1.0000000000000002, 1.0, 1.0, 1.0, 1.0, 1.0, 1.0, 1.0, 1.0, 1.0, 1.0, 1.0, 1.0, 1.0, 1.0, 1.0000000000000002, 0.0, 1.0000000000000002, 1.0, 1.0, 1.0, 1.0, 1.0, 1.0, 1.0, 1.0, 1.0, 