{"dataset_name": "youtube", "noise_ratio": 0.149402390438247, "coverage": 0.8932384341637011, "noisy_class_distribution": [0.5517928286852589, 0.448207171314741], "class_distribution": [0.4750889679715303, 0.5249110320284698], "accuracy": 0.764, "balanced_accuracy": 0.75, "log_loss": 0.4916, "ranking_quality": [0.9805, 0.7521], "detector_name": "gb_consensus", "handler_name": "filter", "fitting_time": 1196.1693057781085, "params": {"detector__base_model__learning_rate": 0.037288643127947954, "estimator__sgd__alpha": 0.009827974309624907, "estimator__sgd__eta0": 0.380991422673053, "splitter__threshold": 0.9}, "commit": "356cb1a4f28fb4f7a2886f31d0f2547b88f544da", "hostname": "r-marcel-c3-8440-03", "trust_scores": [0.9, 1.0, 0.0, 1.0, 1.0, 1.0, 1.0, 0.1, 0.0, 0.0, 0.0, 0.5, 0.1, 1.0, 1.0, 1.0, 1.0, 1.0, 1.0, 1.0000000000000002, 1.0000000000000002, 0.0, 0.5, 1.0, 0.1, 1.0, 1.0, 1.0, 1.0, 0.0, 0.5, 1.0, 1.0, 0.2, 1.0, 1.0, 0.1, 1.0, 1.0, 1.0000000000000002, 1.0, 1.0, 1.0, 1.0, 0.4, 1.0, 1.0, 0.7, 0.7000000000000001, 0.30000000000000004, 1.0, 0.0, 1.0, 0.7, 1.0, 0.0, 0.5, 0.1, 1.0, 1.0, 0.0, 1.0, 0.9, 0.0, 1.0000000000000002, 1.0, 0.1, 1.0, 1.0, 1.0, 1.0, 0.0, 1.0000000000000002, 0.0, 0.1, 0.1, 1.0, 1.0, 1.0, 1.0, 0.0, 1.0000000000000002, 0.5, 1.0, 1.0, 0.4, 0.5, 1.0, 1.0, 1.0, 1.0, 1.0, 1.0, 1.0, 1.0, 0.6, 0.1, 1.0, 1.0, 1.0, 1.0, 0.6, 1.0, 1.0, 1.0, 1.0, 1.0, 1.0, 1.0, 0.0, 0.7000000000000001, 1.0, 0.6000000000000001, 0.0, 0.6, 1.0, 1.0000000000000002, 1.0, 0.0, 1.0, 1.0, 1.0000000000000002, 1.0, 1.0, 1.0, 1.0, 1.0, 1.0, 1.0, 1.0, 1.0, 1.0, 1.0, 1.0, 1.0000000000000002, 1.0000000000000002, 1.0, 1.0, 1.0, 0.0, 1.0, 1.0, 1.0, 1.0, 1.0, 1.0, 0.4, 1.0000000000000002, 1.0, 1.0, 1.0, 1.0, 0.1, 1.0, 1.0, 1.0, 1.0, 1.0, 1.0, 0.2, 1.0, 0.2, 1.0, 1.0, 0.0, 1.0, 0.2, 1.0, 1.0, 1.0, 1.0, 1.0, 1.0, 1.0, 1.0, 1.0, 1.0, 1.0, 1.0, 1.0000000000000002, 1.0000000000000002, 1.0, 1.0, 1.0000000000000002, 1.0, 1.0, 1.0, 1.0, 1.0, 1.0000000000000002, 1.0, 1.0, 0.1, 0.6, 1.0, 1.0, 0.9000000000000001, 1.0, 0.0, 1.0, 0.1, 1.0, 0.0, 1.0, 1.0, 1.0, 1.0, 1.0, 1.0, 1.0, 1.0, 1.0, 1.0, 1.0, 0.7000000000000001, 1.0000000000000002, 1.0, 1.0, 1.0, 0.9, 1.0, 1.0, 0.4, 0.1, 1.0, 1.0, 1.0, 1.0, 1.0, 1.0, 0.4, 0.7000000000000001, 1.0000000000000002, 1.0, 1.0, 0.0, 1.0, 1.0000000000000002, 1.0000000000000002, 0.1, 1.0, 1.0, 1.0, 0.9, 0.0, 1.0, 1.0, 0.8, 1.0, 1.0, 1.0000000000000002, 1.0, 0.30000000000000004, 1.0, 1.0, 1.0, 1.0, 1.0, 1.0000000000000002, 1.0, 1.0, 0.5, 0.6, 1.0000000000000002, 1.0, 1.0, 1.0, 1.0, 0.0, 0.0, 0.0, 1.0, 0.1, 1.0, 1.0, 0.0, 0.0, 1.0, 1.0, 0.2, 0.5, 0.1, 0.0, 1.0, 0.5, 1.0, 1.0, 0.0, 1.0, 1.0, 0.9999999999999999, 0.5, 1.0, 1.0, 1.0000000000000002, 0.5, 1.0, 1.0, 1.0, 1.0, 1.0, 1.0, 0.4, 1.0, 1.0, 1.0, 1.0, 1.0, 0.30000000000000004, 0.0, 0.30000000000000004, 1.0, 1.0, 0.8, 0.6000000000000001, 1.0000000000000002, 1.0, 1.0, 1.0, 0.0, 0.0, 0.1, 1.0000000000000002, 1.0, 1.0, 0.0, 0.6000000000000001, 0.8, 1.0, 0.0, 0.8, 0.0, 0.8, 1.0000000000000002, 0.6, 0.0, 1.0, 1.0, 1.0, 0.0, 1.0000000000000002, 0.0, 1.0, 1.0, 1.0, 1.0, 1.0, 1.0, 1.0, 1.0, 1.0, 1.0, 1.0, 0.6000000000000001, 0.8, 1.0000000000000002, 0.7999999999999999, 0.6000000000000001, 0.2, 1.0, 0.5, 1.0, 1.0, 0.9000000000000001, 1.0, 1.0, 1.0, 1.0, 1.0000000000000002, 0.0, 1.0, 0.9999999999999999, 1.0, 1.0000000000000002, 0.4, 0.0, 0.2, 1.0, 1.0, 1.0, 0.0, 1.0, 1.0, 1.0, 1.0000000000000002, 1.0000000000000002, 1.0, 1.0, 0.0, 1.0, 0.1, 0.8, 0.2, 1.0, 1.0, 0.0, 1.0, 1.0000000000000002, 0.4, 1.0, 1.0, 1.0, 1.0, 1.0, 1.0, 0.0, 1.0, 1.0000000000000002, 0.2, 1.0, 1.0, 0.30000000000000004, 1.0000000000000002, 0.6000000000000001, 1.0, 1.0, 1.0, 1.0, 1.0, 1.0, 0.8, 1.0, 1.0000000000000002, 0.8, 0.7, 0.9, 1.0, 1.0, 1.0, 1.0, 0.6, 1.0, 1.0, 0.5, 1.0, 0.2, 0.0, 1.0, 1.0, 1.0, 1.0, 0.9999999999999999, 0.9000000000000001, 0.0, 0.5, 1.0, 1.0, 1.0, 0.0, 1.0000000000000002, 0.7000000000000001, 1.0, 0.4, 1.0000000000000002, 0.8, 1.0, 0.9, 1.0, 1.0, 0.9, 1.0, 0.6000000000000001, 1.0, 0.0, 0.4, 0.0, 1.0000000000000002, 1.0, 0.0, 0.0, 1.0000000000000002, 0.7000000000000001, 1.0, 1.0, 1.0, 1.0000000000000002, 1.0, 0.7, 1.0, 1.0, 0.9, 0.9000000000000001, 0.6, 0.0, 1.0, 0.0, 1.0, 1.0, 0.0, 1.0000000000000002, 1.0, 0.9999999999999999, 1.0, 0.30000000000000004, 1.0, 1.0, 1.0000000000000002, 1.0, 1.0, 1.0, 0.4, 1.0, 1.0, 0.7000000000000001, 1.0, 1.0, 1.0, 1.0, 0.0, 1.0, 1.0, 1.0, 1.0, 0.6000000000000001, 0.0, 1.0, 0.8, 1.0, 1.0, 0.2, 1.0, 1.0000000000000002, 1.0, 1.0, 0.5, 1.0, 1.0, 0.0, 1.0, 1.0, 1.0, 0.0, 1.0, 0.0, 1.0, 0.0, 1.0, 1.0, 1.0, 1.0, 1.0, 1.0, 0.5, 1.0, 0.5, 1.0000000000000002, 1.0, 0.1, 1.0, 1.0, 1.0, 1.0, 1.0, 1.0, 1.0, 1.0, 1.0, 1.0, 1.0, 0.0, 1.0, 1.0, 1.0, 0.0, 1.0, 1.0, 0.1, 0.2, 1.0, 0.8, 1.0000000000000002, 1.0, 1.0, 1.0, 1.0, 1.0, 1.0, 1.0000000000000002, 0.8, 1.0000000000000002, 1.0, 1.0000000000000002, 1.0, 1.0, 1.0, 0.30000000000000004, 0.0, 1.0, 1.0, 1.0, 0.4, 1.0, 1.0, 1.0, 1.0000000000000002, 0.0, 1.0, 1.0, 1.0, 1.0, 0.0, 0.4, 1.0, 1.0000000000000002, 1.0, 1.0, 1.0, 1.0, 1.0000000000000002, 1.0, 0.0, 1.0000000000000002, 1.0, 0.0, 1.0000000000000002, 1.0, 1.0, 1.0, 1.0, 1.0, 1.0, 1.0, 1.0, 1.0, 1.0000000000000002, 1.0, 1.0, 1.0000000000000002, 1.0, 1.0, 0.0, 1.0, 1.0, 1.0, 1.0, 1.0, 1.0, 1.0, 1.0, 1.0, 1.0, 1.0, 1.0000000000000002, 1.0, 1.0, 0.9999999999999999, 1.0, 1.0, 1.0, 1.0, 1.0, 1.0, 1.0, 1.0, 1.0, 1.0, 1.0, 1.0000000000000002, 1.0, 0.0, 1.0, 1.0, 1.0, 1.0, 1.0, 1.0, 1.0, 1.0, 1.0, 1.0000000000000002, 1.0, 1.0, 1.0, 1.0, 1.0, 1.0, 1.0, 1.0, 1.0, 1.0, 1.0, 1.0, 1.0000000000000002, 0.0, 1.0, 1.0, 1.0, 1.0, 1.0, 0.9, 1.0, 1.0, 1.0, 1.0, 1.0, 1.0, 1.0, 1.0000000000000002, 1.0000000000000002, 1.0000000000000002, 1.0000000000000002, 1.0, 1.0000000000000002, 1.0, 1.0, 1.0, 1.0, 1.0, 1.0000000000000002, 1.0, 1.0, 1.0, 1.0, 0.0, 1.0000000000000002, 1.0, 0.0, 1.0, 1.0, 1.0, 1.0, 1.0, 0.9999999999999999, 0.0, 1.0, 1.0, 1.0, 1.0, 1.0, 1.0000000000000002, 1.0, 1.0, 0.0, 0.9999999999999999, 1.0, 1.0, 1.0, 1.0, 1.0, 1.0000000000000002, 0.0, 1.0, 1.0, 1.0, 0.0, 1.0, 1.0, 1.0, 1.0000000000000002, 1.0, 1.0000000000000002, 0.0, 1.0, 1.0000000000000002, 1.0000000000000002, 1.0000000000000002, 1.0, 1.0, 1.0, 1.0, 1.0, 1.0, 0.0, 1.0, 1.0, 0.0, 1.0, 1.0, 1.0, 1.0, 1.0, 1.0, 1.0, 1.0, 1.0, 0.9999999999999999, 1.0, 1.0, 0.0, 0.0, 1.0, 1.0, 1.0, 1.0, 1.0, 1.0, 0.0, 1.0, 1.0, 1.0, 1.0, 1.0, 1.0, 1.0, 1.0, 1.0, 1.0, 1.0, 1.0, 1.0, 1.0, 0.9999999999999999, 1.0, 1.0, 1.0000000000000002, 0.0, 0.0, 1.0, 1.0, 1.0, 1.0, 1.0, 1.0, 1.0, 1.0, 1.0000000000000002, 1.0, 1.0000000000000002, 1.0, 1.0, 0.0, 0.0, 1.0, 1.0, 1.0, 1.0, 1.0, 1.0, 1.0, 1.0, 1.0, 1.0, 1.0, 1.0, 1.0, 1.0, 0.9, 0.0, 1.0, 1.0, 1.0, 1.0, 1.0, 1.0, 1.0000000000000002, 1.0, 1.0, 1.0, 1.0, 1.0, 1.0, 1.0, 1.0, 1.0, 1.0, 1.0, 0.9, 1.0, 1.0, 1.0, 1.0, 1.0, 1.0000000000000002, 1.0, 1.0, 1.0, 1.0, 1.0, 0.0, 0.9999999999999999, 1.0, 1.0, 1.0, 1.0, 1.0, 1.0, 1.0, 1.0, 1.0, 1.0, 1.0, 1.0, 1.0, 1.0, 0.9999999999999999, 1.0000000000000002, 1.0, 1.0, 1.0, 1.0, 1.0, 1.0, 1.0000000000000002, 1.0, 1.0, 1.0, 1.0, 0.1, 1.0, 1.0, 1.0, 1.0000000000000002, 1.0, 1.0, 1.0, 1.0, 0.0, 1.0, 1.0, 1.0, 1.0, 1.0, 1.0, 1.0, 1.0, 1.0, 1.0, 1.0, 1.0000000000000002, 1.0000000000000002, 1.0, 1.0, 1.0, 1.0000000000000002, 1.0, 1.0, 1.0, 1.0000000000000002, 1.0, 1.0, 1.0, 0.2, 1.0, 1.0000000000000002, 1.0, 1.0, 1.0, 1.0000000000000002, 1.0, 1.0000000000000002, 1.0, 0.0, 1.0, 1.0, 1.0, 1.0, 1.0, 1.0, 1.0, 1.0, 1.0, 1.0, 1.0, 0.0, 1.0, 0.2, 1.0, 1.0, 1.0000000000000002, 1.0, 1.0, 1.0, 1.0, 0.5, 1.0, 1.0, 1.0, 1.0, 1.0000000000000002, 1.0000000000000002, 1.0000000000000002, 1.0, 1.0, 1.0, 1.0, 1.0000000000000002, 1.0, 1.0000000000000002, 0.7, 1.0, 1.0, 1.0, 1.0, 1.0, 1.0, 1.0000000000000002, 1.0, 1.0, 1.0, 1.0, 1.0, 1.0, 1.0, 1.0, 1.0, 1.0, 1.0, 1.0, 1.0, 1.0, 1.0000000000000002, 0.0, 1.0000000000000002, 1.0, 1.0, 1.0, 1.0, 1.0, 1.0, 1.0, 1.0, 1.0, 1.0000000000000002, 1.0, 1.0, 1.0, 0.0, 1.0, 1.0000000000000002, 1.0, 1.0, 1.0, 0.0, 1.0000000000000002, 0.4, 1.0000000000000002, 1.0, 1.0, 1.0, 1.0, 1.0, 1.0, 1.0, 