{"dataset_name": "trec", "noise_ratio": 0.252533280349692, "coverage": 1.0, "noisy_class_distribution": [0.19709914563878403, 0.20683488972779654, 0.2088217762765746, 0.06636201072918736, 0.1565666600437115, 0.16431551758394597], "class_distribution": [0.21060997417047486, 0.23147228293264455, 0.2235247367375323, 0.016093781045102326, 0.15140075501688854, 0.16689847009735745], "accuracy": 0.454, "balanced_accuracy": 0.5409, "log_loss": 1.3718, "ranking_quality": [0.6547, 0.1195, 0.1388, 0.725, 0.6036, 0.6285], "detector_name": "gb_forget", "handler_name": "filter", "fitting_time": 846.2751834541559, "params": {"splitter__quantile": 0.0, "detector__base_model__learning_rate": 8.754154663025702e-05, "detector__base_model__reg_lambda": 96.24984669669492, "estimator__learning_rate": 0.07301850889759648, "estimator__reg_lambda": 17.319892392079396}, "commit": "de771b8902cbef0a7f283781242ac4853f192fcf", "hostname": "r-marcel-c3-liqid-02", "trust_scores": [0, -2, 0, 0, -2, -2, -9, 0, -3, 0, 0, -2, -2, 0, 0, 0, 0, 0, 0, 0, -2, 0, 0, -2, 0, 0, -2, 0, 0, 0, -2, 0, 0, 0, -2, 0, -2, -2, 0, 0, 0, 0, -2, -2, -2, 0, 0, 0, 0, -2, 0, -2, 0, -2, -2, -1, 0, -2, 0, 0, -2, -4, 0, 0, 0, 0, -2, -1, 0, -2, 0, -2, -2, -2, -2, 0, 0, -2, -2, 0, 0, 0, -2, -34, 0, 0, 0, 0, 0, 0, 0, 0, 0, 0, -2, 0, 0, -2, 0, 0, -2, 0, 0, 0, 0, -2, 0, 0, 0, 0, -2, 0, 0, 0, 0, -2, -2, 0, 0, -7, 0, 0, 0, -2, 0, 0, -2, -2, 0, 0, 0, 0, 0, 0, 0, 0, 0, -2, 0, -2, -2, -2, -2, -2, 0, 0, -2, -2, 0, 0, -2, 0, 0, 0, -2, -2, 0, -13, 0, 0, -2, -2, -2, -2, 0, 0, -2, 0, -2, -2, -2, 0, 0, 0, 0, 0, 0, -2, 0, -2, -2, -2, 0, 0, 0, -2, 0, 0, -2, 0, -34, -2, 0, 0, 0, 0, 0, 0, 0, 0, 0, -2, 0, 0, 0, -2, 0, 0, 0, 0, 0, 0, 0, 0, 0, 0, 0, 0, 0, 0, -2, -2, -2, -2, 0, 0, 0, 0, -2, 0, -2, 0, -2, 0, -2, 0, 0, 0, -2, 0, 0, 0, 0, 0, 0, 0, -1, 0, -2, 0, 0, 0, 0, 0, 0, 0, -2, 0, 0, -2, 0, 0, -2, 0, 0, -2, 0, 0, 0, 0, -2, 0, 0, 0, 0, -2, 0, -2, -2, 0, 0, 0, 0, -2, 0, 0, -2, 0, -2, 0, 0, 0, -2, -2, -2, 0, 0, -2, 0, 0, 0, 0, -2, 0, 0, 0, -14, -7, -2, -2, 0, 0, 0, -2, -1, 0, -6, -2, 0, 0, 0, -2, 0, -2, -2, 0, -2, -8, 0, -2, -2, -2, 0, 0, -2, 0, -2, 0, 0, -2, 0, 0, 0, 0, -2, -6, -2, 0, -2, 0, 0, -2, 0, 0, 0, 0, -2, 0, -2, 0, -3, 0, 0, 0, 0, -2, 0, 0, -2, -5, 0, 0, -2, 0, 0, -2, 0, -2, -2, 0, 0, 0, 0, 0, -2, -2, 0, 0, 0, 0, 0, -2, 0, 0, -2, -2, 0, 0, -2, -2, 0, -5, 0, 0, -2, 0, 0, 0, -2, 0, -2, -2, -2, 0, -2, -2, 0, 0, 0, -2, -6, -6, 0, -2, -2, 0, 0, 0, 0, 0, -10, -2, -10, 0, -2, -2, 0, 0, -2, -2, 0, 0, -2, 0, 0, 0, -2, 0, -2, -2, 0, -2, 0, 0, 0, 0, 0, -2, 0, -2, 0, 0, -2, -2, -2, -2, 0, -2, 0, -2, 0, 0, -2, 0, 0, 0, 0, 0, 0, 0, 0, 0, 0, -2, -2, 0, 0, 0, 0, 0, 0, 0, 0, -2, 0, 0, 0, 0, 0, -2, 0, -2, 0, 0, 0, 0, -2, 0, -2, 0, 0, 0, -2, 0, 0, -2, 0, 0, -2, 0, 0, 0, 0, 0, 0, 0, 0, -2, 0, -2, 0, 0, 0, -2, -1, -2, 0, -2, 0, -2, -2, 0, 0, 0, -2, -2, 0, -2, 0, -2, -31, -2, -2, -2, -1, -2, -2, -2, 0, -2, 0, -2, -2, -2, -2, -10, -7, 0, -2, 0, 0, 0, -7, -2, 0, -2, 0, 0, 0, 0, 0, 0, 0, 0, 0, -2, -2, 0, -2, -2, -2, 0, 0, -2, 0, 0, -2, -2, 0, -2, 0, 0, -2, 0, -7, 0, 0, 0, 0, -2, 0, 0, 0, -1, -2, 0, 0, -2, 0, 0, -2, -2, 0, 0, -2, 0, -2, 0, -2, 0, -2, -10, 0, 0, 0, -6, -1, -2, -2, -2, -2, 0, 0, 0, -2, -2, 0, 0, 0, -2, 0, -2, -2, -2, 0, -2, -2, 0, -2, -2, -2, 0, -2, -2, 0, 0, 0, -1, 0, 0, 0, 0, -2, 0, 0, 0, -2, 0, 0, 0, -2, 0, -2, -2, 0, -2, 0, -2, -2, 0, 0, 0, 0, 0, -2, -2, -2, 0, 0, 0, -2, 0, 0, 0, 0, 0, -7, 0, 0, -2, -2, -2, -2, -2, 0, -2, -2, 0, 0, 0, 0, 0, 0, 0, -2, -2, -2, -2, -2, 0, 0, -2, -2, -2, -5, 0, 0, 0, -2, 0, 0, 0, -2, 0, 0, 0, 0, -2, 0, 0, 0, -6, 0, 0, 0, 0, -2, 0, -2, 0, -2, -36, -2, -2, -2, 0, 0, -2, -2, 0, -2, -2, -3, -2, 0, 0, -2, -2, 0, 0, -2, 0, -2, 0, 0, 0, 0, 0, 0, 0, -2, -2, 0, 0, 0, -2, -2, 0, -6, 0, 0, 0, -2, 0, -2, -2, 0, -2, -2, -2, 0, 0, 0, 0, -2, -2, -2, -2, 0, -2, 0, 0, -8, -2, -2, 0, -2, -3, 0, 0, 0, -9, 0, 0, -2, 0, 0, 0, 0, 0, -2, 0, 0, -2, -2, -2, -1, 0, -7, 0, 0, -2, -2, 0, 0, 0, 0, -2, -2, 0, 0, -2, 0, 0, -2, -7, -2, 0, -2, 0, -2, 0, 0, -2, -2, 0, 0, -2, 0, 0, 0, -2, 0, 0, 0, -2, 0, 0, -2, -2, -2, 0, 0, -2, 0, -2, 0, -2, 0, 0, 0, 0, 0, 0, -2, 0, 0, -2, -2, 0, 0, -2, -2, 0, 0, 0, 0, -2, -2, 0, -2, -2, -2, -2, -10, 0, 0, 0, -34, 0, -6, 0, 0, 0, 0, 0, -2, 0, 0, -7, -2, -2, -2, -2, 0, 0, 0, -2, 0, -5, 0, 0, 0, -2, -2, 0, 0, -2, -2, 0, 0, 0, -1, 0, 0, -2, -2, 0, 0, 0, 0, 0, 0, 0, 0, 0, 0, -2, 0, -2, 0, -2, 0, 0, 0, 0, -2, -2, 0, 0, 0, -2, 0, -2, 0, 0, -2, 0, -2, -2, -2, 0, 0, -2, -2, 0, 0, 0, 0, -2, 0, -2, 0, 0, 0, -2, -2, 0, 0, 0, -2, 0, 0, -2, -2, 0, 0, -7, 0, 0, 0, -2, 0, -2, 0, -2, -1, -2, -2, -7, 0, 0, -2, 0, 0, -2, 0, -2, 0, 0, 0, 0, -2, 0, 0, 0, -2, 0, 0, 0, -2, 0, -2, 0, 0, 0, 0, 0, 0, -2, -2, 0, 0, -2, 0, 0, 0, -2, 0, 0, 0, 0, -10, 0, 0, -6, 0, 0, 0, -2, -2, 0, -2, 0, 0, -2, 0, -2, 0, -10, -2, -2, 0, -8, -8, 0, 0, -6, 0, 0, 0, -2, -2, -2, -2, 0, 0, -2, -2, 0, -2, 0, 0, 0, 0, 0, 0, -2, -2, 0, 0, 0, -2, 0, -5, -7, 0, 0, -2, -2, -2, 0, 0, 0, -2, -2, -1, -2, -2, -6, 0, -6, 0, 0, 0, 0, 0, -2, -2, 0, 0, -2, -2, 0, 0, -8, -2, 0, 0, -2, -2, 0, 0, 0, -2, 0, -2, -2, 0, 0, 0, 0, 0, 0, 0, -2, 0, 0, 0, -2, 0, -1, 0, -6, 0, 0, 0, -1, 0, 0, -2, 0, 0, -2, -2, -2, -2, 0, -2, 0, -6, 0, -6, 0, -2, 0, -2, 0, 0, -2, 0, 0, 0, -2, 0, 0, -2, 0, 0, 0, 0, 0, -2, 0, -2, 0, 0, -2, -1, 0, -2, -2, -2, 0, 0, 0, -2, -2, -2, 0, 0, 0, 0, -6, 0, 0, -2, -6, -2, 0, -2, -2, 0, -2, -2, -2, 0, 0, -2, 0, 0, -2, 0, -2, 0, -2, -2, -5, -2, 0, 0, 0, 0, 0, 0, 0, -10, -5, 0, 0, -34, 0, -2, -2, -2, 0, -2, -6, -2, 0, 0, -2, -5, 0, -2, 0, -2, 0, 0, -2, -2, -2, 0, -2, -2, 0, -2, -2, 0, 0, 0, 0, 0, 0, 0, 0, 0, -2, -2, -1, 0, -2, -2, 0, -2, -2, -2, -2, 0, -2, 0, 0, 0, -2, -2, 0, -2, 0, -2, -2, 0, 0, -2, 0, 0, 0, -2, -1, 0, -2, 0, 0, -6, 0, 0, 0, -2, -2, 0, 0, 0, -2, -2, -2, 0, 0, 0, -2, -1, 0, -2, 0, -2, 0, 0, 0, -6, 0, 0, 0, -2, 0, 0, 0, 0, 0, 0, -2, 0, 0, 0, 0, -1, 0, 0, 0, -2, 0, -2, -2, 0, 0, 0, 0, -2, 0, 0, 0, 0, -2, 0, 0, -2, 0, -2, 0, -7, -2, 0, -2, 0, -2, 0, -2, 0, 0, 0, -7, -6, 0, 0, 0, 0, 0, 0, 0, 0, -2, -2, 0, -2, 0, 0, 0, 0, -1, 0, -2, 0, 0, 0, 0, 0, 0, -2, 0, 0, 0, 0, 0, -2, -13, 0, 0, -37, -2, 0, 0, 0, 0, 0, -2, 0, -3, 0, 0, 0, 0, -2, -2, 0, -7, 0, -6, 0, 0, 0, -2, -2, 0, -2, 0, -2, -7, -2, 0, 0, -2, 0, 0, 0, -2, 0, 0, 0, -2, 0, -2, 0, 0, -2, 0, -2, -2, -2, 0, 0, 0, 0, 0, 0, 0, 0, -2, 0, -6, 0, 0, 0, 0, -2, 0, -2, 0, 0, 0, 0, -2, 0, -7, -2, 0, 0, 0, 0, 0, -2, 0, -2, 0, -2, -2, 0, -2, -2, -2, 0, 0, 0, -2, 0, 0, -2, -8, -2, 0, 0, -2, -6, -1, -9, -2, -2, 0, -7, -2, 0, 0, 0, -2, 0, -2, -2, 0, -2, -2, 0, 0, -2, 0, 0, 0, -2, 0, 0, 0, 0, 0, 0, -2, 0, -2, 0, 0, 0, 0, 0, 0, -2, 0, -2, 0, -2, -2, -2, 0, 0, 0, -6, -2, -4, 0, 0, 0, -2, 0, -2, 0, 0, 0, -2, 0, -2, 0, 0, 0, -2, -2, -6, -2, 0, 0, 0, 0, 0, 0, 0, -2, 0, 0, -2, 0, -2, 0, -13, -2, 0, 0, -2, -2, -2, -2, -6, 0, 0, 0, 0, 0, 0, -2, -6, -2, -2, -2, 0, 0, 0, 0, 0, 0, -2, 0, 0, 0, -10, -2, 0, 0, -2, 0, -2, 0, 0, 0, 0, 0, -2, -2, 0, -2, 0, -2, -2, 0, -2, -1, 0, -2, 0, -5, 0, 0, 0, 0, 0, 0, -2, 0, -2, 0, -2, 0, 0, 0, 0, -2, 0, 0, 0, 0, 0, -2, -2, -2, -2, 0, 0, 0, -2, 0, 0, 0, -2, 0, 0, -1, 0, 0, 0, -2, -2, 0, -2, -2, 0, -2, 0, -2, 0, 0, -2, 0, -2, 0, 0, -2, 0, -2, 0, -2, 0, 0, 0, 0, 0, 0, -2, 0, 0, 0, -1, 0, 0, -1, -2, 0, 0, 0, 0, 0, -34, -2, -2, 0, 0, 0, 0, -2, -2, 0, 0, -2, 0, 0, 0, -2, 0, -2, 0, 0, -1, 0, 0, 0, 0, 0, 0, 0, 0, 0, 0, 0, -2, -2, -2, 0, 0, 0, -2, -2, -2, 0, -2, -2, -2, 0, -2, 0, 0, 0, 0, 0, -2, -2, 0, -2, 0, 0, 0, 0, 0, -2, -2, 0, -2, 0, 0, -2, -2, 0, 0, -2, 0, 0, 0, 0, 0, -2, -2, -2, 0, -2, 0, 0, 0, 0, -2, 0, 0, 0, -2, 0, 0, 0, -2, 0, -1, 0, -2, 0, 0, -8, 0, -1, 0, -2, -2, 0, 0, -4, 0, -2, 0, -2, 0, -2, -10, -2, -2, -7, 0, 0, 0, -2, -2, 0, 0, 0, 0, 0, -1, 0, 0, 0, -2, -2, 0, 0, 0, 0, -2, 0, 0, -2, 0, -6, 0, -2, 0, 0, -7, 0, -2, 0, 0, 0, 0, -1, 0, -2, -1, 0, -2, 0, 0, 0, -1, 0, 0, -2, 0, -2, -2, -2, 0, 0, 0, 0, 0, -8, 0, 0, 0, 0, -2, -2, 0, -2, 0, -2, 0, -2, 0, 0, -2, -2, -2, -2, 0, 0, 0, 0, 0, -2, -2, -2, 0, 0, 0, -2, 0, 0, 0, 0, -1, 0, 0, -6, 0, -2, 0, -2, -2, 0, 0, -2, 0, -2, -2, -2, -2, 0, 0, 0, 0, 0, -2, 0, 0, 0, 0, 0, 0, 0, 0, 0, -2, -2, 0, -2, 0, 0, -2, -2, 0, 0, 0, 0, -2, -2, 0, -2, 0, 