{"dataset_name": "bioresponse", "noise_ratio": 0.15066666666666667, "noisy_class_distribution": [0.4613333333333333, 0.5386666666666666], "class_distribution": [0.4533333333333333, 0.5466666666666666], "accuracy": 0.7527, "balanced_accuracy": 0.7516, "log_loss": 0.5148, "ranking_quality": [0.0, 0.0], "detector_name": "gold", "handler_name": "filter", "fitting_time": 0.6555430060252547, "params": {"sgd__alpha": 0.0001, "sgd__eta0": 0.0001}, "commit": "a09866f5ec62619c142b1f84a18bf8a420118b9d", "hostname": "r-marcel-c3-8440-02"}