{"dataset_name": "yelp", "noise_ratio": 0.15230263157894736, "noisy_class_distribution": [0.5042434210526315, 0.4957565789473684], "class_distribution": [0.5036513157894736, 0.4963486842105263], "accuracy": 0.9268, "balanced_accuracy": 0.9272, "log_loss": 0.2625, "ranking_quality": [0.0, 0.0], "detector_name": "gold", "handler_name": "filter", "fitting_time": 0.31555082835257053, "params": {"sgd__alpha": 0.0001, "sgd__eta0": 0.1}, "commit": "a09866f5ec62619c142b1f84a18bf8a420118b9d", "hostname": "r-marcel-c3-8440-02"}