{"dataset_name": "agnews", "noise_ratio": 0.1852399191724221, "coverage": 0.6907708333333333, "noisy_class_distribution": [0.259884790541967, 0.27387881895225746, 0.26985251982990016, 0.19638387067587537], "class_distribution": [0.2518125, 0.24691666666666667, 0.2475, 0.25377083333333333], "accuracy": 0.6712, "balanced_accuracy": 0.6737, "log_loss": 0.9587, "ranking_quality": [0.0, 0.0, 0.0, 0.0], "detector_name": "gold", "handler_name": "filter", "fitting_time": 16.601007422432303, "params": {"sgd__alpha": 0.00016439470326517087, "sgd__eta0": 0.016317761028412398}, "commit": "250af80d14f95a33efbf01b8c68d859df9c641c7", "hostname": "r-marcel-c3-abs20-12"}