{"dataset_name": "imdb136", "noise_ratio": 0.2672597176561593, "coverage": 0.82736, "noisy_class_distribution": [0.3248404563914137, 0.6751595436085863], "class_distribution": [0.5, 0.5], "accuracy": 0.8588, "balanced_accuracy": 0.8588, "log_loss": 0.4443, "ranking_quality": [0.0, 0.0], "detector_name": "gold", "handler_name": "filter", "fitting_time": 0.2612727954983711, "params": {"sgd__alpha": 0.00027437971483409344, "sgd__eta0": 0.01710277123542449}, "commit": "250af80d14f95a33efbf01b8c68d859df9c641c7", "hostname": "r-marcel-c3-abs20-12"}