{"dataset_name": "phishing", "noise_ratio": 0.2105384793159233, "coverage": 0.9785165083672547, "noisy_class_distribution": [0.42546799168014793, 0.5745320083198521], "class_distribution": [0.44674355495251017, 0.5532564450474898], "accuracy": 0.9322, "balanced_accuracy": 0.9279, "log_loss": 0.2371, "ranking_quality": [0.0, 0.0], "detector_name": "gold", "handler_name": "filter", "fitting_time": 1.3268378404900432, "params": {"sgd__alpha": 0.0004144175823420698, "sgd__eta0": 0.04675797086453093}, "commit": "250af80d14f95a33efbf01b8c68d859df9c641c7", "hostname": "r-marcel-c3-abs20-12"}