{"dataset_name": "professor_teacher", "noise_ratio": 0.17864311521477316, "coverage": 0.8104766552789979, "noisy_class_distribution": [0.508329987956644, 0.4916700120433561], "class_distribution": [0.49536359199609564, 0.5046364080039043], "accuracy": 0.9087, "balanced_accuracy": 0.9089, "log_loss": 0.2651, "ranking_quality": [0.0, 0.0], "detector_name": "gold", "handler_name": "filter", "fitting_time": 0.12074240017682314, "params": {"sgd__alpha": 0.0001337566769783403, "sgd__eta0": 0.637792067640541}, "commit": "250af80d14f95a33efbf01b8c68d859df9c641c7", "hostname": "r-marcel-c3-abs20-12"}