{"dataset_name": "spambase", "noise_ratio": 0.24812239221140475, "coverage": 0.9769021739130435, "noisy_class_distribution": [0.800278164116829, 0.19972183588317108], "class_distribution": [0.6057065217391304, 0.3942934782608696], "accuracy": 0.9328, "balanced_accuracy": 0.9206, "log_loss": 0.1892, "ranking_quality": [0.0, 0.0], "detector_name": "gold", "handler_name": "filter", "fitting_time": 0.2043042154982686, "params": {"sgd__alpha": 0.0002294639648502638, "sgd__eta0": 0.015270155218456448}, "commit": "356cb1a4f28fb4f7a2886f31d0f2547b88f544da", "hostname": "r-marcel-c3-8440-03"}