{"dataset_name": "spambase", "noise_ratio": 0.24812239221140475, "coverage": 0.9769021739130435, "noisy_class_distribution": [0.800278164116829, 0.19972183588317108], "class_distribution": [0.6057065217391304, 0.3942934782608696], "accuracy": 0.9349, "balanced_accuracy": 0.9233, "log_loss": 0.1849, "ranking_quality": [0.0, 0.0], "detector_name": "gold", "handler_name": "filter", "fitting_time": 0.10133784357458353, "params": {"sgd__alpha": 0.0002958527879841, "sgd__eta0": 0.008785675044244169}, "commit": "250af80d14f95a33efbf01b8c68d859df9c641c7", "hostname": "r-marcel-c3-abs20-12"}