{"dataset_name": "trec", "noise_ratio": 0.461907743686078, "coverage": 0.9519173455195709, "noisy_class_distribution": [0.5865163848883322, 0.07701941139636818, 0.12732206219995826, 0.0012523481527864746, 0.07305364224587768, 0.1348361511166771], "class_distribution": [0.21060997417047486, 0.23147228293264455, 0.2235247367375323, 0.016093781045102326, 0.15140075501688854, 0.16689847009735745], "accuracy": 0.524, "balanced_accuracy": 0.4384, "log_loss": 1.3759, "ranking_quality": [0.0, 0.0, 0.0, 0.0, 0.0, 0.0], "detector_name": "gold", "handler_name": "filter", "fitting_time": 1.2429552851244807, "params": {"sgd__alpha": 0.00013088653158320606, "sgd__eta0": 0.01032590424976267}, "commit": "250af80d14f95a33efbf01b8c68d859df9c641c7", "hostname": "r-marcel-c3-abs20-12"}