{"dataset_name": "youtube", "noise_ratio": 0.149402390438247, "coverage": 0.8932384341637011, "noisy_class_distribution": [0.5517928286852589, 0.448207171314741], "class_distribution": [0.4750889679715303, 0.5249110320284698], "accuracy": 0.928, "balanced_accuracy": 0.9242, "log_loss": 0.2203, "ranking_quality": [0.0, 0.0], "detector_name": "gold", "handler_name": "filter", "fitting_time": 0.039286320097744465, "params": {"sgd__alpha": 0.0001074403205995514, "sgd__eta0": 0.4553871866695033}, "commit": "250af80d14f95a33efbf01b8c68d859df9c641c7", "hostname": "r-marcel-c3-abs20-12"}