{"dataset_name": "youtube", "noise_ratio": 0.149402390438247, "coverage": 0.8932384341637011, "noisy_class_distribution": [0.5517928286852589, 0.448207171314741], "class_distribution": [0.4750889679715303, 0.5249110320284698], "accuracy": 0.912, "balanced_accuracy": 0.9099, "log_loss": 0.3042, "ranking_quality": [0.0, 0.0], "detector_name": "gold", "handler_name": "filter", "fitting_time": 0.07066388987004757, "params": {"sgd__alpha": 0.0002889618899236149, "sgd__eta0": 0.04645980365757801}, "commit": "356cb1a4f28fb4f7a2886f31d0f2547b88f544da", "hostname": "r-marcel-c3-8440-03"}