{"dataset_name": "agnews", "noise_ratio": 0.1852399191724221, "coverage": 0.6907708333333333, "noisy_class_distribution": [0.259884790541967, 0.27387881895225746, 0.26985251982990016, 0.19638387067587537], "class_distribution": [0.2518125, 0.24691666666666667, 0.2475, 0.25377083333333333], "accuracy": 0.6776, "balanced_accuracy": 0.6749, "log_loss": 0.9513, "ranking_quality": [0.0, 0.0, 0.0, 0.0], "detector_name": "wood", "handler_name": "filter", "fitting_time": 172.33133443258703, "params": {"learning_rate": 0.03363881043873561, "reg_lambda": 13.799377353986886}, "commit": "78100f816c93d2b55b0299b7329300fe0f7d5b50", "hostname": "r-marcel-c3-abs20-12"}