{"dataset_name": "sms", "noise_ratio": 0.028617710583153322, "coverage": 0.4051629840297528, "noisy_class_distribution": [0.8606911447084233, 0.13930885529157666], "class_distribution": [0.8650185954933275, 0.1349814045066725], "accuracy": 0.896, "balanced_accuracy": 0.6182, "log_loss": 0.3124, "ranking_quality": [0.0, 0.0], "detector_name": "wood", "handler_name": "filter", "fitting_time": 34.91265569720417, "params": {"learning_rate": 0.0199393379216433, "reg_lambda": 14.511927785547417}, "commit": "78100f816c93d2b55b0299b7329300fe0f7d5b50", "hostname": "r-marcel-c3-abs20-12"}