{"dataset_name": "tennis", "noise_ratio": 0.13320879436700672, "coverage": 1.0, "noisy_class_distribution": [0.5824112659864923, 0.4175887340135077], "class_distribution": [0.5883029170857882, 0.4116970829142118], "accuracy": 0.8716, "balanced_accuracy": 0.8706, "log_loss": 0.4052, "ranking_quality": [0.0, 0.0], "detector_name": "wood", "handler_name": "filter", "fitting_time": 66.74682831950486, "params": {"learning_rate": 0.002483244283993001, "reg_lambda": 50.108371494854296}, "commit": "78100f816c93d2b55b0299b7329300fe0f7d5b50", "hostname": "r-marcel-c3-abs20-12"}