{"dataset_name": "cifar10", "noise_ratio": 0.27002, "noisy_class_distribution": [0.10052, 0.09996, 0.10058, 0.09946, 0.09872, 0.0998, 0.10104, 0.1006, 0.09896, 0.10036], "class_distribution": [0.1, 0.1, 0.1, 0.1, 0.1, 0.1, 0.1, 0.1, 0.1, 0.1], "accuracy": 0.358, "balanced_accuracy": 0.358, "log_loss": 1.8888, "ranking_quality": [0.0, 0.0, 0.0, 0.0, 0.0, 0.0, 0.0, 0.0, 0.0, 0.0], "detector_name": "none", "handler_name": "filter", "fitting_time": 12.569574834778905, "params": {"sgd__alpha": 0.0001, "sgd__eta0": 0.0001}, "commit": "a09866f5ec62619c142b1f84a18bf8a420118b9d", "hostname": "r-marcel-c3-8440-02"}