{"dataset_name": "commercial", "noise_ratio": 0.14752845782005303, "noisy_class_distribution": [0.6529081553095275, 0.3470918446904725], "class_distribution": [0.7179167316388586, 0.28208326836114145], "accuracy": 0.8971, "balanced_accuracy": 0.8698, "log_loss": 0.3297, "ranking_quality": [0.0, 0.0], "detector_name": "none", "handler_name": "filter", "fitting_time": 7.252570933662355, "params": {"sgd__alpha": 0.0001, "sgd__eta0": 0.1}, "commit": "a09866f5ec62619c142b1f84a18bf8a420118b9d", "hostname": "r-marcel-c3-8440-02"}