{"dataset_name": "yoruba", "noise_ratio": 0.2537313432835821, "noisy_class_distribution": [0.09850746268656717, 0.1708955223880597, 0.0626865671641791, 0.30074626865671644, 0.22164179104477613, 0.06716417910447761, 0.07835820895522388], "class_distribution": [0.0708955223880597, 0.18880597014925374, 0.03805970149253731, 0.3604477611940298, 0.24104477611940298, 0.03731343283582089, 0.06343283582089553], "accuracy": 0.6069, "balanced_accuracy": 0.3572, "log_loss": 1.3655, "ranking_quality": [0.6048, 0.7344, 0.5524, 0.9918, 0.9189, 0.5082, 0.4815], "detector_name": "gb_consensus", "handler_name": "filter", "fitting_time": 1633.426975511, "params": {"detector__base_model__learning_rate": 1, "estimator__learning_rate": 0.1, "splitter__threshold": 0.1}, "commit": "7e793e37763e0cc709844ea6aaf5d381510fdec6", "hostname": "DESKTOP-7SBFHT9", "trust_scores": [0.0, 0.4, 0.0, 1.0000000000000002, 0.5, 0.0, 0.9, 0.0, 0.0, 0.1, 0.9, 0.1, 0.0, 0.0, 0.0, 0.9, 1.0, 0.0, 0.9, 0.0, 0.8, 0.0, 1.0, 0.9, 0.0, 0.2, 0.0, 0.0, 0.0, 0.0, 0.0, 0.30000000000000004, 0.0, 0.9000000000000001, 0.0, 0.1, 1.0, 0.8, 0.0, 0.9, 0.0, 0.0, 0.9000000000000001, 0.9, 0.0, 0.8, 0.0, 0.9000000000000001, 1.0, 0.7, 0.0, 0.30000000000000004, 0.2, 1.0, 0.9, 0.2, 0.9, 0.30000000000000004, 1.0, 1.0, 0.0, 0.8, 0.8, 0.8999999999999999, 1.0000000000000002, 0.7000000000000001, 0.0, 0.0, 0.0, 0.7000000000000001, 0.6, 0.8, 0.8, 0.4, 0.9, 0.1, 0.0, 0.6000000000000001, 0.0, 0.8, 0.0, 0.6, 1.0, 0.1, 1.0, 0.0, 1.0, 0.0, 0.4, 1.0000000000000002, 0.0, 0.0, 0.9, 0.6000000000000001, 0.0, 0.0, 0.0, 0.7, 0.0, 0.7000000000000001, 1.0, 0.30000000000000004, 0.1, 0.8, 0.0, 1.0, 0.0, 0.0, 0.0, 0.0, 0.30000000000000004, 0.9000000000000001, 0.0, 1.0, 0.0, 0.1, 0.0, 0.0, 1.0, 0.0, 0.0, 0.0, 0.0, 0.9, 0.8, 0.0, 0.9000000000000001, 0.8, 0.0, 0.9000000000000001, 0.7000000000000001, 0.0, 0.0, 0.1, 1.0, 0.6, 0.8999999999999999, 0.30000000000000004, 1.0000000000000002, 0.9000000000000001, 0.6, 0.4, 0.0, 0.0, 0.0, 0.0, 0.6000000000000001, 0.9000000000000001, 0.2, 0.0, 0.4, 0.0, 0.0, 1.0, 0.0, 0.7000000000000001, 0.30000000000000004, 0.7000000000000001, 0.0, 1.0, 0.5, 0.8, 1.0, 0.2, 1.0, 0.0, 0.0, 0.8, 0.5, 0.2, 1.0, 0.0, 1.0, 0.0, 1.0, 0.9, 0.0, 1.0, 0.30000000000000004, 0.9, 0.7000000000000001, 0.8, 0.1, 0.0, 0.9, 0.0, 0.9, 0.0, 0.9, 0.0, 0.0, 0.1, 0.7000000000000001, 0.0, 0.0, 0.0, 0.0, 0.9, 1.0, 0.0, 0.0, 0.2, 0.0, 0.0, 0.8, 0.5, 1.0, 0.30000000000000004, 0.0, 0.0, 0.9, 0.2, 0.5, 0.0, 0.0, 0.9, 0.0, 0.0, 0.0, 0.0, 0.7, 0.0, 1.0, 1.0, 1.0, 0.0, 0.0, 0.0, 1.0, 0.0, 1.0, 1.0000000000000002, 0.0, 0.0, 0.8, 0.7000000000000001, 0.0, 0.9, 0.0, 1.0, 0.9, 0.0, 0.2, 0.1, 1.0, 1.0, 0.0, 0.30000000000000004, 0.5, 0.0, 0.0, 0.0, 0.9000000000000001, 0.0, 1.0, 0.9, 0.30000000000000004, 1.0, 1.0, 0.9999999999999999, 0.1, 0.6000000000000001, 0.9, 0.0, 0.0, 1.0, 1.0000000000000002, 0.0, 0.9, 0.1, 0.1, 1.0, 0.0, 0.0, 0.0, 0.8, 1.0000000000000002, 0.7999999999999999, 0.0, 0.9, 0.0, 0.0, 0.4, 0.4, 0.0, 0.0, 0.1, 1.0000000000000002, 0.9, 0.0, 0.9, 1.0, 0.1, 0.5, 0.7000000000000001, 0.0, 0.0, 0.0, 0.1, 1.0, 1.0, 0.5, 1.0000000000000002, 0.7999999999999999, 1.0, 0.0, 1.0, 0.6000000000000001, 1.0, 0.7000000000000001, 0.0, 0.0, 0.9000000000000001, 0.0, 0.30000000000000004, 1.0, 0.8, 1.0000000000000002, 1.0000000000000002, 0.6, 0.4, 0.9, 0.8, 0.0, 1.0000000000000002, 1.0, 0.1, 0.9, 0.8, 0.0, 0.7, 0.0, 1.0000000000000002, 0.8, 0.2, 0.0, 0.0, 0.0, 0.30000000000000004, 1.0, 1.0, 0.0, 0.0, 0.5, 0.0, 0.8, 1.0, 0.0, 0.0, 0.0, 0.0, 0.0, 0.0, 0.6000000000000001, 0.9000000000000001, 1.0, 0.0, 1.0, 0.0, 0.0, 1.0, 0.0, 0.0, 0.6000000000000001, 0.0, 0.6, 0.1, 1.0, 1.0, 1.0, 1.0, 0.0, 0.2, 0.1, 0.0, 0.7000000000000001, 1.0, 0.9, 0.0, 0.9, 0.2, 0.0, 0.0, 0.0, 0.1, 0.7000000000000001, 0.2, 0.2, 0.0, 1.0, 0.8, 0.8, 0.7000000000000001, 0.0, 1.0, 0.7000000000000001, 0.8, 1.0, 0.0, 1.0, 0.0, 0.0, 0.0, 0.9, 0.8, 0.0, 0.0, 0.4, 0.0, 1.0, 0.8, 0.4, 0.0, 0.4, 0.1, 0.4, 1.0, 0.6000000000000001, 1.0, 0.2, 0.1, 0.0, 0.0, 0.7000000000000001, 0.0, 0.0, 0.0, 0.1, 0.0, 0.9, 0.5, 0.8, 1.0, 0.8, 0.0, 0.30000000000000004, 0.8, 0.0, 1.0, 0.0, 0.9000000000000001, 0.0, 0.1, 0.0, 0.0, 0.7000000000000001, 1.0, 0.0, 1.0, 0.4, 0.0, 0.30000000000000004, 0.2, 0.0, 0.0, 0.9000000000000001, 0.0, 1.0, 0.6000000000000001, 0.0, 1.0, 0.2, 0.2, 0.2, 0.0, 0.8, 0.1, 0.4, 0.5, 1.0, 0.0, 0.9, 0.0, 0.4, 0.0, 0.0, 0.4, 0.9, 0.0, 1.0, 1.0, 1.0, 1.0, 0.0, 0.0, 1.0, 1.0, 0.1, 0.2, 0.9, 0.0, 0.0, 0.1, 0.0, 0.4, 0.0, 0.0, 0.9, 0.0, 1.0, 0.8, 0.1, 0.0, 1.0, 0.2, 0.30000000000000004, 1.0, 0.2, 0.7000000000000001, 0.9, 0.0, 0.0, 0.1, 0.1, 0.0, 0.9, 1.0, 0.9, 0.0, 0.0, 0.0, 0.9, 0.0, 0.0, 0.7, 0.0, 0.1, 0.1, 0.2, 0.0, 0.0, 0.6000000000000001, 0.0, 0.1, 1.0, 0.0, 0.7000000000000001, 0.1, 0.0, 0.9, 0.4, 0.0, 0.1, 0.1, 0.8, 0.0, 0.7000000000000001, 0.0, 0.0, 0.0, 1.0, 0.30000000000000004, 0.6, 1.0, 0.2, 1.0, 0.8, 0.0, 0.7000000000000001, 0.2, 0.0, 1.0, 1.0, 0.0, 0.6000000000000001, 1.0000000000000002, 0.8, 0.0, 0.4, 0.0, 1.0, 0.5, 0.7999999999999999, 1.0, 0.7000000000000001, 0.8, 0.8, 1.0, 0.0, 1.0000000000000002, 0.7999999999999999, 0.0, 0.1, 0.1, 0.9, 1.0, 0.0, 1.0, 0.0, 1.0, 0.0, 0.8, 0.0, 0.30000000000000004, 0.0, 0.4, 0.0, 0.1, 0.0, 0.30000000000000004, 0.5, 0.0, 0.0, 0.7999999999999999, 0.9000000000000001, 0.0, 1.0, 0.0, 0.7000000000000001, 0.30000000000000004, 0.0, 0.0, 0.0, 0.9, 0.0, 0.0, 0.2, 0.9, 1.0, 0.7000000000000001, 0.0, 1.0000000000000002, 0.7, 0.0, 1.0, 1.0, 0.8, 0.9000000000000001, 0.5, 1.0, 0.9, 0.0, 0.0, 1.0, 0.6, 0.0, 1.0000000000000002, 0.1, 1.0, 0.0, 0.1, 0.0, 0.9, 0.9, 0.0, 0.9000000000000001, 0.5, 0.0, 0.9000000000000001, 0.0, 0.9, 0.0, 0.7000000000000001, 0.0, 0.0, 0.0, 0.7000000000000001, 0.0, 0.0, 0.9000000000000001, 1.0, 0.0, 0.1, 1.0, 0.9, 0.0, 1.0, 0.1, 1.0, 0.0, 0.9, 0.1, 0.7000000000000001, 0.0, 0.2, 0.0, 0.8, 0.0, 0.0, 0.1, 0.9, 0.0, 0.0, 0.8, 0.9, 0.1, 1.0, 0.9000000000000001, 0.30000000000000004, 0.0, 0.0, 0.7, 1.0, 1.0, 0.7000000000000001, 1.0, 0.9000000000000001, 0.2, 0.0, 0.0, 1.0, 1.0, 0.9, 1.0, 1.0, 0.0, 0.8, 1.0, 1.0, 0.0, 0.9, 0.2, 0.5, 1.0, 0.0, 0.5, 1.0, 1.0, 0.0, 0.9, 0.7000000000000001, 0.9, 1.0, 0.9, 0.9000000000000001, 0.9, 0.8, 0.0, 0.8, 0.0, 0.2, 1.0, 0.7000000000000001, 1.0, 1.0, 0.1, 0.0, 1.0, 1.0, 0.0, 0.0, 0.1, 0.8, 0.0, 0.0, 1.0, 0.0, 1.0, 0.9, 1.0, 0.2, 0.6, 0.0, 0.0, 0.0, 0.30000000000000004, 1.0, 1.0, 0.4, 0.8, 1.0, 0.0, 0.0, 1.0, 0.8, 0.2, 0.1, 0.9000000000000001, 0.0, 0.9, 0.0, 0.1, 1.0, 0.0, 0.9999999999999999, 0.2, 0.1, 0.0, 0.1, 0.0, 0.0, 0.0, 0.30000000000000004, 0.0, 1.0, 0.8, 0.6000000000000001, 0.9000000000000001, 0.9, 1.0, 0.0, 0.2, 1.0, 0.5, 1.0, 0.1, 0.1, 0.9, 0.9, 1.0, 0.0, 0.2, 1.0, 0.0, 0.2, 0.0, 0.0, 1.0, 0.1, 1.0, 0.0, 0.0, 0.0, 0.0, 1.0, 0.0, 0.2, 0.7, 0.9000000000000001, 1.0, 1.0, 0.8, 1.0, 0.0, 1.0, 0.8, 0.1, 0.30000000000000004, 0.9000000000000001, 1.0, 0.9, 0.1, 0.4, 0.0, 1.0, 0.0, 0.30000000000000004, 0.2, 0.0, 1.0, 0.7000000000000001, 1.0, 0.0, 0.5, 0.9, 0.0, 1.0, 0.0, 1.0, 0.8, 0.0, 0.1, 1.0, 0.6, 1.0000000000000002, 0.1, 0.0, 0.1, 0.0, 0.0, 1.0, 1.0, 0.0, 0.30000000000000004, 1.0, 1.0, 0.9, 0.0, 0.2, 0.0, 0.0, 1.0, 1.0, 0.4, 1.0, 1.0000000000000002, 0.1, 0.0, 1.0, 1.0, 0.1, 0.7, 0.0, 1.0, 0.0, 0.2, 1.0, 0.0, 0.0, 1.0, 0.30000000000000004, 1.0, 0.0, 1.0000000000000002, 0.0, 0.6000000000000001, 0.1, 0.5, 0.0, 0.9000000000000001, 0.2, 0.0, 0.4, 0.0, 0.9000000000000001, 0.0, 0.0, 0.0, 0.5, 0.0, 0.9, 0.30000000000000004, 0.5, 0.0, 0.0, 0.1, 0.0, 0.0, 1.0, 0.1, 0.8, 0.4, 0.5, 0.5, 0.7000000000000001, 0.0, 0.0, 1.0, 0.1, 0.8, 0.0, 0.8, 0.0, 0.1, 1.0, 0.0, 0.0, 0.2, 0.7000000000000001, 0.9000000000000001, 0.0, 0.0, 0.1, 0.0, 0.2, 0.6000000000000001, 0.1, 0.9, 0.0, 0.7, 1.0, 1.0, 0.0, 0.2, 0.0, 0.0, 1.0, 0.2, 0.8, 0.7000000000000001, 0.2, 1.0, 0.2, 0.0, 0.0, 0.0, 0.9, 0.0, 0.0, 0.7000000000000001, 0.0, 0.1, 0.6, 0.0, 0.0, 1.0, 0.0, 1.0, 1.0, 0.0, 0.9000000000000001, 0.0, 0.9, 1.0, 1.0, 1.0, 1.0, 0.0, 0.0, 0.0, 0.0, 0.7999999999999999, 0.9, 0.6000000000000001, 0.0, 0.0, 1.0000000000000002, 0.30000000000000004, 0.30000000000000004, 0.0, 0.0, 