{"dataset_name": "youtube", "noise_ratio": 0.1601423487544484, "noisy_class_distribution": [0.4679715302491103, 0.5320284697508897], "class_distribution": [0.4750889679715303, 0.5249110320284698], "accuracy": 0.876, "balanced_accuracy": 0.8686, "log_loss": 0.3344, "ranking_quality": [0.9903, 0.9244], "detector_name": "gb_consensus", "handler_name": "filter", "fitting_time": 1286.0952990939986, "params": {"detector__base_model__learning_rate": 0.1, "estimator__learning_rate": 0.01, "splitter__threshold": 0.1}, "commit": "7e793e37763e0cc709844ea6aaf5d381510fdec6", "hostname": "DESKTOP-7SBFHT9", "trust_scores": [1.0, 1.0, 0.2, 0.4, 1.0, 0.2, 1.0, 0.30000000000000004, 1.0, 0.30000000000000004, 1.0, 1.0, 1.0, 1.0, 0.0, 1.0, 0.1, 1.0, 0.0, 1.0, 0.9999999999999999, 1.0, 0.1, 0.1, 1.0000000000000002, 0.0, 1.0, 0.9, 1.0, 0.0, 0.0, 1.0, 0.0, 1.0, 1.0, 1.0, 1.0, 0.2, 0.0, 1.0, 0.30000000000000004, 1.0000000000000002, 1.0, 0.0, 0.0, 1.0, 1.0, 1.0, 1.0, 0.0, 1.0, 1.0, 1.0, 1.0, 1.0, 1.0, 1.0, 1.0, 1.0, 0.9000000000000001, 0.0, 1.0, 0.9000000000000001, 0.9, 0.0, 1.0, 1.0000000000000002, 1.0, 1.0, 1.0000000000000002, 0.9, 0.0, 1.0, 1.0, 1.0, 1.0, 1.0, 0.9000000000000001, 1.0, 1.0, 1.0000000000000002, 1.0, 1.0, 0.0, 1.0, 1.0, 1.0, 0.0, 1.0, 1.0000000000000002, 0.0, 1.0, 1.0000000000000002, 0.9, 1.0, 1.0, 1.0, 1.0, 1.0, 1.0, 1.0, 1.0, 0.0, 1.0, 0.0, 0.4, 1.0, 1.0, 1.0, 1.0, 1.0, 1.0, 0.0, 1.0, 0.0, 1.0, 1.0, 0.0, 1.0, 1.0, 1.0, 1.0000000000000002, 0.7000000000000001, 1.0000000000000002, 1.0, 1.0, 0.9, 1.0000000000000002, 1.0, 0.4, 1.0, 0.0, 1.0, 0.9, 0.9000000000000001, 1.0, 0.0, 1.0, 0.0, 1.0000000000000002, 1.0, 1.0, 1.0, 1.0, 1.0, 1.0, 0.1, 0.8, 1.0000000000000002, 1.0000000000000002, 0.6, 0.0, 1.0, 1.0, 1.0, 0.6000000000000001, 1.0, 0.5, 1.0, 1.0, 1.0, 1.0000000000000002, 1.0, 1.0, 1.0, 0.0, 1.0, 0.0, 1.0, 1.0, 1.0, 0.1, 1.0, 1.0, 1.0, 1.0, 1.0, 1.0, 0.0, 0.9000000000000001, 1.0, 1.0, 0.8, 1.0, 1.0, 1.0, 1.0, 0.0, 1.0, 1.0, 0.30000000000000004, 0.0, 1.0, 1.0, 0.0, 0.9, 0.0, 1.0, 0.7, 0.0, 0.0, 1.0, 0.0, 1.0000000000000002, 1.0, 1.0, 1.0, 1.0, 0.0, 1.0, 1.0, 0.0, 1.0, 0.0, 1.0, 0.7999999999999999, 1.0, 0.0, 1.0, 1.0, 1.0, 1.0, 1.0, 1.0, 0.9, 1.0000000000000002, 1.0, 0.1, 0.7000000000000001, 0.0, 1.0, 1.0, 1.0, 1.0, 1.0000000000000002, 0.9000000000000001, 1.0, 1.0, 1.0, 1.0000000000000002, 1.0, 0.0, 1.0, 1.0, 1.0, 1.0, 1.0, 1.0, 0.4, 0.0, 1.0, 0.0, 1.0, 0.0, 1.0000000000000002, 0.0, 1.0000000000000002, 0.7000000000000001, 1.0, 1.0, 0.30000000000000004, 1.0, 0.8, 1.0, 0.0, 1.0, 1.0, 1.0, 1.0, 1.0, 1.0, 1.0, 1.0, 1.0, 0.0, 1.0000000000000002, 1.0, 1.0, 1.0000000000000002, 1.0, 0.0, 0.0, 1.0, 1.0, 1.0, 1.0, 1.0, 1.0, 0.0, 1.0, 1.0, 1.0000000000000002, 1.0, 1.0, 1.0, 0.2, 0.2, 1.0, 0.0, 1.0000000000000002, 1.0, 1.0, 1.0, 1.0000000000000002, 1.0, 0.9999999999999999, 1.0000000000000002, 0.2, 1.0, 1.0, 0.0, 0.0, 0.4, 0.0, 1.0, 1.0, 1.0, 1.0000000000000002, 0.6, 0.0, 1.0, 1.0, 1.0, 1.0, 0.1, 0.8, 1.0000000000000002, 1.0, 1.0, 1.0, 0.0, 0.8, 1.0000000000000002, 1.0, 1.0, 0.0, 0.8999999999999999, 0.0, 1.0000000000000002, 1.0, 0.0, 0.1, 1.0, 0.0, 0.0, 1.0, 1.0, 1.0, 0.2, 1.0, 1.0, 1.0, 1.0, 1.0, 1.0, 1.0, 1.0, 1.0, 1.0, 0.0, 1.0, 1.0, 0.0, 1.0, 1.0, 0.1, 0.5, 1.0000000000000002, 1.0, 0.0, 1.0, 0.0, 1.0000000000000002, 1.0, 0.5, 1.0000000000000002, 0.8, 1.0, 0.0, 1.0, 1.0000000000000002, 1.0, 0.0, 1.0, 1.0, 1.0, 1.0, 1.0000000000000002, 1.0, 0.7000000000000001, 0.9, 1.0, 0.9000000000000001, 1.0000000000000002, 0.0, 1.0, 0.9999999999999999, 1.0, 1.0000000000000002, 1.0000000000000002, 0.0, 1.0, 1.0, 1.0, 1.0, 0.0, 1.0, 1.0, 1.0, 1.0, 0.0, 1.0, 0.9, 0.0, 0.0, 1.0, 1.0, 1.0, 1.0, 1.0, 0.0, 0.0, 1.0, 0.0, 1.0, 1.0, 0.0, 1.0, 1.0, 1.0, 1.0000000000000002, 0.9999999999999999, 1.0, 1.0, 1.0, 1.0000000000000002, 0.0, 1.0, 1.0, 0.0, 1.0, 0.0, 1.0, 0.0, 1.0, 1.0000000000000002, 0.2, 0.1, 1.0, 1.0, 1.0, 1.0, 0.0, 0.0, 1.0, 1.0, 1.0, 1.0000000000000002, 0.4, 1.0, 1.0000000000000002, 0.30000000000000004, 1.0, 1.0, 1.0, 1.0, 0.0, 1.0000000000000002, 1.0, 1.0, 0.0, 0.30000000000000004, 1.0, 0.4, 1.0, 1.0, 1.0, 1.0000000000000002, 1.0000000000000002, 1.0, 1.0, 0.30000000000000004, 1.0, 1.0, 0.8, 1.0, 1.0000000000000002, 1.0, 1.0, 1.0, 0.6000000000000001, 0.7000000000000001, 1.0, 0.9999999999999999, 1.0, 0.0, 1.0000000000000002, 1.0, 0.0, 0.9000000000000001, 1.0, 0.0, 0.5, 1.0, 1.0, 1.0, 1.0000000000000002, 1.0, 1.0, 1.0, 1.0, 1.0, 0.0, 1.0, 1.0, 1.0, 1.0, 1.0, 1.0, 0.0, 1.0000000000000002, 1.0, 1.0, 0.4, 1.0, 0.30000000000000004, 0.0, 0.0, 1.0, 1.0, 0.0, 1.0, 0.0, 1.0, 1.0, 1.0, 1.0, 1.0, 1.0, 0.5, 1.0, 1.0000000000000002, 0.2, 1.0, 1.0000000000000002, 1.0, 1.0, 1.0, 0.0, 0.0, 1.0000000000000002, 1.0, 1.0, 1.0, 1.0, 1.0, 1.0, 1.0, 1.0000000000000002, 1.0, 1.0, 1.0, 0.0, 0.0, 1.0, 1.0000000000000002, 1.0, 0.0, 1.0, 0.0, 1.0000000000000002, 0.0, 1.0, 0.8, 1.0000000000000002, 1.0000000000000002, 1.0, 1.0, 1.0, 1.0000000000000002, 0.0, 1.0000000000000002, 1.0000000000000002, 1.0, 1.0, 0.0, 1.0000000000000002, 1.0, 1.0, 1.0000000000000002, 1.0, 1.0000000000000002, 1.0, 1.0, 1.0, 1.0, 0.30000000000000004, 1.0, 1.0000000000000002, 1.0, 1.0, 0.1, 0.0, 1.0, 1.0, 0.0, 1.0, 1.0000000000000002, 0.0, 1.0, 0.1, 0.0, 0.0, 1.0, 0.7000000000000001, 0.0, 1.0, 1.0, 1.0, 1.0000000000000002, 0.0, 1.0, 0.0, 1.0, 1.0, 0.6000000000000001, 0.1, 1.0, 1.0000000000000002, 1.0, 1.0, 1.0, 0.0, 1.0, 0.7, 0.0, 1.0000000000000002, 1.0, 1.0, 1.0, 0.0, 0.0, 1.0000000000000002, 1.0, 1.0, 0.0, 1.0, 1.0, 1.0, 1.0, 1.0, 1.0000000000000002, 1.0, 0.0, 0.0, 1.0000000000000002, 1.0, 1.0, 0.0, 1.0, 1.0, 1.0, 1.0, 1.0, 1.0, 1.0, 1.0, 1.0, 1.0, 0.1, 1.0, 0.7, 1.0, 1.0, 1.0000000000000002, 1.0, 1.0, 1.0, 0.0, 0.0, 1.0000000000000002, 1.0, 1.0, 1.0, 1.0, 0.9, 1.0, 1.0, 1.0, 1.0, 0.0, 1.0000000000000002, 0.0, 1.0, 1.0000000000000002, 1.0, 1.0, 0.0, 1.0, 1.0, 1.0, 1.0, 1.0, 1.0, 1.0, 1.0, 1.0000000000000002, 1.0, 1.0, 1.0, 1.0, 1.0, 1.0, 1.0, 1.0000000000000002, 1.0, 1.0, 1.0, 0.9999999999999999, 0.0, 1.0000000000000002, 1.0, 1.0, 1.0, 1.0, 1.0000000000000002, 1.0, 0.0, 1.0, 1.0, 1.0, 1.0, 1.0, 0.0, 1.0, 1.0, 1.0, 1.0, 0.8, 0.0, 0.0, 0.0, 1.0, 0.0, 0.0, 1.0, 0.0, 1.0, 1.0, 1.0, 1.0, 0.0, 1.0, 1.0, 1.0, 1.0, 1.0, 1.0, 1.0, 1.0, 1.0000000000000002, 1.0, 1.0000000000000002, 0.0, 0.0, 0.0, 1.0, 1.0, 1.0, 1.0, 1.0, 0.8, 1.0, 1.0, 1.0, 1.0, 1.0, 1.0, 1.0, 1.0, 1.0, 0.2, 1.0, 1.0, 1.0, 1.0, 0.0, 1.0, 1.0, 1.0, 1.0, 0.2, 0.6000000000000001, 1.0, 0.4, 1.0, 1.0, 1.0, 1.0, 0.0, 1.0000000000000002, 1.0, 1.0, 0.0, 0.9, 0.0, 1.0, 1.0, 1.0, 1.0, 1.0, 0.0, 1.0, 1.0, 1.0, 1.0, 1.0000000000000002, 1.0, 0.9, 1.0, 1.0000000000000002, 1.0, 1.0, 1.0, 1.0, 1.0000000000000002, 1.0, 1.0, 1.0, 1.0, 1.0, 1.0, 1.0, 1.0, 1.0, 1.0, 1.0, 1.0, 1.0000000000000002, 1.0, 1.0, 1.0, 1.0, 0.9, 0.2, 1.0, 0.1, 1.0, 1.0000000000000002, 1.0, 1.0, 1.0, 0.0, 0.0, 1.0, 1.0, 1.0000000000000002, 1.0000000000000002, 1.0, 1.0, 1.0, 1.0, 1.0, 1.0, 1.0, 1.0, 1.0, 0.2, 1.0000000000000002, 0.0, 0.9999999999999999, 1.0, 1.0, 1.0000000000000002, 1.0, 0.0, 1.0, 0.0, 0.0, 1.0, 1.0, 0.0, 1.0, 1.0000000000000002, 1.0, 1.0, 0.30000000000000004, 1.0, 1.0, 1.0, 1.0, 1.0, 1.0, 1.0, 0.5, 1.0, 1.0, 1.0, 0.0, 0.9000000000000001, 0.7000000000000001, 0.2, 0.0, 0.0, 1.0, 1.0, 0.0, 1.0, 1.0, 0.1, 1.0, 1.0, 0.0, 0.0, 1.0, 0.8, 1.0, 1.0, 0.0, 1.0000000000000002, 1.0, 1.0, 0.0, 1.0, 0.6000000000000001, 1.0000000000000002, 0.0, 1.0, 1.0, 1.0, 1.0000000000000002, 1.0000000000000002, 1.0, 1.0, 1.0, 1.0, 0.4, 1.0, 1.0, 0.9999999999999999, 1.0, 0.0, 1.0, 1.0, 0.9999999999999999, 1.0, 1.0000000000000002, 1.0000000000000002, 1.0, 1.0, 1.0, 1.0000000000000002, 1.0, 1.0, 1.0, 0.0, 1.0000000000000002, 1.0, 1.0, 0.0, 0.0, 1.0, 1.0, 0.0, 1.0, 0.0, 1.0, 1.0, 0.0, 1.0, 0.0, 0.9000000000000001, 1.0000000000000002, 1.0, 1.0, 1.0, 1.0000000000000002, 1.0, 1.0, 1.0, 0.4, 1.0, 0.0, 1.0000000000000002, 1.0, 1.0, 1.0, 0.0, 1.0, 1.0, 1.0000000000000002, 0.4, 1.0, 1.0, 1.0, 1.0, 1.0, 1.0000000000000002, 1.0000000000000002, 1.0000000000000002, 1.0, 0.0, 1.0, 1.0, 1.0, 1.0, 1.0, 1.0, 1.0, 1.0, 1.0, 1.0, 1.0, 1.0, 0.0, 0.0, 