{"dataset_name": "amazon", "noise_ratio": 0.15173749999999997, "coverage": 1.0, "noisy_class_distribution": [0.5001625, 0.4998375], "class_distribution": [0.5004375, 0.4995625], "accuracy": 0.7764, "balanced_accuracy": 0.7765, "log_loss": 0.4521, "ranking_quality": [1.0, 1.0], "detector_name": "silver", "handler_name": "filter", "fitting_time": 77.75413507875055, "params": {"sgd__alpha": 1.5105742867690966e-05, "sgd__eta0": 0.018642075656258573}, "commit": "44320d89d302b12253cc26dc4054148c2b858f86", "hostname": "r-marcel-c3-8440-01"}