{"dataset_name": "bank-marketing", "noise_ratio": 0.14855673523556734, "coverage": 1.0, "noisy_class_distribution": [0.7684417164344172, 0.23155828356558283], "class_distribution": [0.8819951338199513, 0.11800486618004866], "accuracy": 0.9049, "balanced_accuracy": 0.704, "log_loss": 0.2212, "ranking_quality": [1.0, 1.0], "detector_name": "silver", "handler_name": "filter", "fitting_time": 15.047249608673155, "params": {"sgd__alpha": 1.1296543857685092e-05, "sgd__eta0": 0.4677811789373782}, "commit": "44320d89d302b12253cc26dc4054148c2b858f86", "hostname": "r-marcel-c3-8440-01"}