{"dataset_name": "bioresponse", "noise_ratio": 0.15066666666666662, "coverage": 1.0, "noisy_class_distribution": [0.4613333333333333, 0.5386666666666666], "class_distribution": [0.4533333333333333, 0.5466666666666666], "accuracy": 0.7021, "balanced_accuracy": 0.6941, "log_loss": 0.6253, "ranking_quality": [1.0, 1.0], "detector_name": "silver", "handler_name": "filter", "fitting_time": 1.4387086983770132, "params": {"sgd__alpha": 1.6291906362481548e-05, "sgd__eta0": 0.0012904629010158017}, "commit": "44320d89d302b12253cc26dc4054148c2b858f86", "hostname": "r-marcel-c3-8440-01"}