{"dataset_name": "census", "noise_ratio": 0.14598829713378958, "coverage": 1.0, "noisy_class_distribution": [0.6891798075969453, 0.31082019240305464], "class_distribution": [0.7633640781513439, 0.23663592184865614], "accuracy": 0.8518, "balanced_accuracy": 0.7712, "log_loss": 0.3306, "ranking_quality": [1.0, 1.0], "detector_name": "silver", "handler_name": "filter", "fitting_time": 0.4052934255450964, "params": {"sgd__alpha": 0.00028322155821793895, "sgd__eta0": 0.002865665023146253}, "commit": "44320d89d302b12253cc26dc4054148c2b858f86", "hostname": "r-marcel-c3-8440-01"}