{"dataset_name": "imdb136", "noise_ratio": 0.15132, "coverage": 1.0, "noisy_class_distribution": [0.5006, 0.4994], "class_distribution": [0.5, 0.5], "accuracy": 0.8736, "balanced_accuracy": 0.8736, "log_loss": 0.3662, "ranking_quality": [1.0, 1.0], "detector_name": "silver", "handler_name": "filter", "fitting_time": 1.19641053956002, "params": {"sgd__alpha": 0.00010176722891393969, "sgd__eta0": 0.3480972696583092}, "commit": "44320d89d302b12253cc26dc4054148c2b858f86", "hostname": "r-marcel-c3-8440-01"}