{"dataset_name": "imdb", "noise_ratio": 0.15015, "coverage": 1.0, "noisy_class_distribution": [0.50335, 0.49665], "class_distribution": [0.5, 0.5], "accuracy": 0.85, "balanced_accuracy": 0.85, "log_loss": 0.3734, "ranking_quality": [1.0, 1.0], "detector_name": "silver", "handler_name": "filter", "fitting_time": 1.152453301474452, "params": {"sgd__alpha": 7.659507454713959e-05, "sgd__eta0": 0.7282825817308994}, "commit": "44320d89d302b12253cc26dc4054148c2b858f86", "hostname": "r-marcel-c3-8440-01"}