{"dataset_name": "phishing", "noise_ratio": 0.15083672546359117, "coverage": 1.0, "noisy_class_distribution": [0.4614427860696517, 0.5385572139303483], "class_distribution": [0.44674355495251017, 0.5532564450474898], "accuracy": 0.9367, "balanced_accuracy": 0.9326, "log_loss": 0.1893, "ranking_quality": [1.0, 1.0], "detector_name": "silver", "handler_name": "filter", "fitting_time": 5.103379682637751, "params": {"sgd__alpha": 2.4884337134190184e-05, "sgd__eta0": 0.028658157891436113}, "commit": "44320d89d302b12253cc26dc4054148c2b858f86", "hostname": "r-marcel-c3-8440-01"}