{"dataset_name": "professor_teacher", "noise_ratio": 0.15462827395477474, "coverage": 1.0, "noisy_class_distribution": [0.4990239141044412, 0.5009760858955588], "class_distribution": [0.49536359199609564, 0.5046364080039043], "accuracy": 0.9086, "balanced_accuracy": 0.9087, "log_loss": 0.2344, "ranking_quality": [1.0, 1.0], "detector_name": "silver", "handler_name": "filter", "fitting_time": 0.4139505149796605, "params": {"sgd__alpha": 1.7209488708005078e-05, "sgd__eta0": 0.10630969329310065}, "commit": "44320d89d302b12253cc26dc4054148c2b858f86", "hostname": "r-marcel-c3-8440-01"}