{"dataset_name": "sms", "noise_ratio": 0.14898271712973088, "coverage": 1.0, "noisy_class_distribution": [0.7606650623495953, 0.23933493765040473], "class_distribution": [0.8650185954933275, 0.1349814045066725], "accuracy": 0.958, "balanced_accuracy": 0.8496, "log_loss": 0.1294, "ranking_quality": [1.0, 1.0], "detector_name": "silver", "handler_name": "filter", "fitting_time": 2.2355038970708847, "params": {"sgd__alpha": 1.3932818413414924e-05, "sgd__eta0": 0.4054326906617861}, "commit": "44320d89d302b12253cc26dc4054148c2b858f86", "hostname": "r-marcel-c3-8440-01"}