{"dataset_name": "tennis", "noise_ratio": 0.15203333812329356, "coverage": 1.0, "noisy_class_distribution": [0.5621497341572065, 0.4378502658427935], "class_distribution": [0.5883029170857882, 0.4116970829142118], "accuracy": 0.8607, "balanced_accuracy": 0.855, "log_loss": 0.5766, "ranking_quality": [1.0, 1.0], "detector_name": "silver", "handler_name": "filter", "fitting_time": 3.7737445775419474, "params": {"sgd__alpha": 6.450729851813786e-05, "sgd__eta0": 0.0020561366418801433}, "commit": "44320d89d302b12253cc26dc4054148c2b858f86", "hostname": "r-marcel-c3-8440-01"}