{"dataset_name": "trec", "noise_ratio": 0.252533280349692, "coverage": 1.0, "noisy_class_distribution": [0.19709914563878403, 0.20683488972779654, 0.2088217762765746, 0.06636201072918736, 0.1565666600437115, 0.16431551758394597], "class_distribution": [0.21060997417047486, 0.23147228293264455, 0.2235247367375323, 0.016093781045102326, 0.15140075501688854, 0.16689847009735745], "accuracy": 0.656, "balanced_accuracy": 0.6473, "log_loss": 1.0917, "ranking_quality": [1.0, 1.0, 1.0, 1.0, 1.0, 1.0], "detector_name": "silver", "handler_name": "filter", "fitting_time": 4.515031774528325, "params": {"sgd__alpha": 4.963898027281535e-05, "sgd__eta0": 0.3108481316976031}, "commit": "44320d89d302b12253cc26dc4054148c2b858f86", "hostname": "r-marcel-c3-8440-01"}