{"dataset_name": "yelp", "noise_ratio": 0.1523026315789474, "coverage": 1.0, "noisy_class_distribution": [0.5042434210526315, 0.4957565789473684], "class_distribution": [0.5036513157894736, 0.4963486842105263], "accuracy": 0.7584, "balanced_accuracy": 0.7588, "log_loss": 0.4919, "ranking_quality": [1.0, 1.0], "detector_name": "silver", "handler_name": "filter", "fitting_time": 20.193841272965074, "params": {"sgd__alpha": 1.9104856698336344e-05, "sgd__eta0": 0.06676510171877649}, "commit": "44320d89d302b12253cc26dc4054148c2b858f86", "hostname": "r-marcel-c3-8440-01"}