{"dataset_name": "bank-marketing", "noise_ratio": 0.25999584434088274, "coverage": 0.9314587480645875, "noisy_class_distribution": [0.6608388494760902, 0.3391611505239099], "class_distribution": [0.8819951338199513, 0.11800486618004866], "accuracy": 0.9076, "balanced_accuracy": 0.6923, "log_loss": 0.201, "ranking_quality": [0.0, 0.0], "detector_name": "gold", "handler_name": "filter", "fitting_time": 20.040906878188252, "params": {"learning_rate": 0.019079274601200936}, "commit": "6299e72666b77eb6542caf562ba7bde2b353704c", "hostname": "r-marcel-c3-8440-01"}