{"dataset_name": "sms", "noise_ratio": 0.028617710583153322, "coverage": 0.4051629840297528, "noisy_class_distribution": [0.8606911447084233, 0.13930885529157666], "class_distribution": [0.8650185954933275, 0.1349814045066725], "accuracy": 0.984, "balanced_accuracy": 0.9403, "log_loss": 0.079, "ranking_quality": [0.0, 0.0], "detector_name": "gold", "handler_name": "filter", "fitting_time": 22.990420126356184, "params": {"learning_rate": 0.11296873626851009}, "commit": "6299e72666b77eb6542caf562ba7bde2b353704c", "hostname": "r-marcel-c3-8440-01"}