{"dataset_name": "youtube", "noise_ratio": 0.149402390438247, "coverage": 0.8932384341637011, "noisy_class_distribution": [0.5517928286852589, 0.448207171314741], "class_distribution": [0.4750889679715303, 0.5249110320284698], "accuracy": 0.88, "balanced_accuracy": 0.8729, "log_loss": 0.2781, "ranking_quality": [0.9965, 0.7592], "detector_name": "gb_consensus", "handler_name": "filter", "fitting_time": 2404.688393443823, "params": {"splitter__threshold": 0.3, "detector__base_model__learning_rate": 0.09401722471159864, "detector__base_model__reg_lambda": 10.412375190441947, "estimator__sgd__alpha": 2.5884398579104866e-05, "estimator__sgd__eta0": 0.34732442156125637}, "commit": "87401ba1c2902fa3f83590d5e5b7e2debbd6f13d", "hostname": "r-marcel-c3-8440-02", "trust_scores": [0.7000000000000001, 1.0, 0.0, 1.0, 1.0, 1.0, 1.0, 0.2, 0.0, 0.0, 0.0, 0.5, 0.2, 1.0, 1.0, 1.0, 0.9, 1.0, 0.9, 1.0000000000000002, 1.0000000000000002, 0.0, 0.7000000000000001, 1.0, 0.0, 1.0, 1.0, 1.0, 0.9000000000000001, 0.0, 0.7000000000000001, 1.0, 1.0, 0.2, 0.7000000000000001, 1.0, 0.1, 1.0, 1.0, 1.0000000000000002, 1.0, 1.0, 1.0, 1.0, 0.4, 1.0, 1.0, 0.8, 0.5, 0.30000000000000004, 1.0, 0.0, 1.0, 0.6, 1.0, 0.0, 0.6000000000000001, 0.2, 1.0, 0.9, 0.0, 1.0, 0.9, 0.0, 1.0000000000000002, 0.9, 0.30000000000000004, 1.0, 0.9, 1.0, 1.0, 0.0, 1.0000000000000002, 0.0, 0.1, 0.0, 1.0, 1.0, 1.0, 1.0, 0.1, 1.0000000000000002, 0.30000000000000004, 1.0, 1.0, 0.30000000000000004, 0.4, 1.0, 1.0, 1.0, 1.0, 1.0, 1.0, 1.0, 1.0, 0.6, 0.2, 1.0, 1.0, 1.0, 1.0, 0.6, 1.0, 1.0, 1.0, 1.0, 1.0, 1.0, 1.0, 0.0, 0.7000000000000001, 1.0, 0.6000000000000001, 0.0, 0.9, 1.0, 1.0000000000000002, 1.0, 0.0, 1.0, 1.0, 1.0000000000000002, 1.0, 1.0, 1.0, 1.0, 0.9, 1.0, 1.0, 1.0, 1.0, 1.0, 1.0, 1.0, 1.0000000000000002, 1.0000000000000002, 1.0, 1.0, 1.0, 0.0, 1.0, 1.0, 1.0, 1.0, 1.0, 1.0, 0.30000000000000004, 1.0000000000000002, 1.0, 1.0, 1.0, 1.0, 0.1, 1.0, 1.0, 1.0, 1.0, 1.0, 1.0, 0.4, 1.0, 0.30000000000000004, 1.0, 1.0, 0.0, 1.0, 0.4, 1.0, 1.0, 1.0, 1.0, 0.9, 1.0, 1.0, 1.0, 1.0, 1.0, 0.9, 1.0, 1.0000000000000002, 1.0000000000000002, 1.0, 1.0, 1.0000000000000002, 1.0, 1.0, 1.0, 1.0, 1.0, 1.0000000000000002, 1.0, 1.0, 0.0, 0.4, 1.0, 1.0, 0.8, 1.0, 0.0, 1.0, 0.30000000000000004, 1.0, 0.0, 1.0, 1.0, 1.0, 1.0, 1.0, 1.0, 1.0, 1.0, 1.0, 1.0, 1.0, 0.7000000000000001, 1.0000000000000002, 1.0, 1.0, 1.0, 0.8, 1.0, 1.0, 0.30000000000000004, 0.2, 1.0, 1.0, 1.0, 1.0, 1.0, 1.0, 0.30000000000000004, 0.8, 1.0000000000000002, 1.0, 1.0, 0.0, 1.0, 1.0000000000000002, 1.0000000000000002, 0.30000000000000004, 1.0, 1.0, 1.0, 1.0, 0.1, 1.0, 1.0, 0.7, 1.0, 1.0, 1.0000000000000002, 1.0, 0.4, 1.0, 1.0, 1.0, 1.0, 1.0, 1.0000000000000002, 1.0, 1.0, 0.2, 0.5, 1.0000000000000002, 1.0, 1.0, 1.0, 1.0, 0.1, 0.0, 0.0, 1.0, 0.1, 1.0, 1.0, 0.0, 0.0, 1.0, 1.0, 0.2, 0.5, 0.1, 0.0, 1.0, 0.6000000000000001, 1.0, 1.0, 0.0, 1.0, 1.0, 0.9999999999999999, 0.5, 1.0, 1.0, 1.0000000000000002, 0.4, 1.0, 1.0, 1.0, 1.0, 1.0, 1.0, 0.6000000000000001, 1.0, 1.0, 1.0, 1.0, 1.0, 0.6000000000000001, 0.0, 0.5, 1.0, 1.0, 0.7000000000000001, 0.30000000000000004, 1.0000000000000002, 1.0, 1.0, 1.0, 0.0, 0.0, 0.1, 1.0000000000000002, 1.0, 1.0, 0.0, 0.7000000000000001, 0.6000000000000001, 1.0, 0.0, 0.7000000000000001, 0.0, 0.7000000000000001, 1.0000000000000002, 0.5, 0.0, 1.0, 1.0, 1.0, 0.0, 1.0000000000000002, 0.1, 1.0, 1.0, 1.0, 1.0, 1.0, 1.0, 1.0, 1.0, 1.0, 1.0, 1.0, 0.6000000000000001, 0.8, 1.0000000000000002, 0.9, 0.6000000000000001, 0.2, 1.0, 0.5, 1.0, 1.0, 0.8, 1.0, 1.0, 1.0, 1.0, 0.7, 0.1, 1.0, 0.9999999999999999, 1.0, 1.0000000000000002, 0.4, 0.0, 0.1, 1.0, 1.0, 0.9, 0.1, 1.0, 1.0, 1.0, 1.0000000000000002, 1.0000000000000002, 1.0, 1.0, 0.0, 1.0, 0.1, 0.7000000000000001, 0.4, 1.0, 1.0, 0.0, 1.0, 1.0000000000000002, 0.30000000000000004, 1.0, 1.0, 1.0, 1.0, 1.0, 1.0, 0.0, 1.0, 1.0000000000000002, 0.2, 1.0, 1.0, 0.5, 1.0000000000000002, 0.7, 1.0, 1.0, 1.0, 1.0, 1.0, 1.0, 0.7000000000000001, 1.0, 1.0000000000000002, 0.8, 0.7, 0.7000000000000001, 1.0, 1.0, 1.0, 1.0, 0.7000000000000001, 1.0, 1.0, 0.4, 1.0, 0.1, 0.0, 1.0, 1.0, 1.0, 1.0, 0.9999999999999999, 1.0, 0.0, 0.1, 1.0, 1.0, 1.0, 0.0, 1.0000000000000002, 0.6000000000000001, 1.0, 0.6000000000000001, 1.0000000000000002, 0.6000000000000001, 1.0, 0.8, 1.0, 1.0, 0.9, 1.0, 0.7, 1.0, 0.0, 0.6000000000000001, 0.0, 1.0000000000000002, 1.0, 0.0, 0.0, 1.0000000000000002, 0.7000000000000001, 1.0, 1.0, 1.0, 1.0000000000000002, 1.0, 0.8, 1.0, 1.0, 0.8, 0.9000000000000001, 0.5, 0.0, 1.0, 0.0, 1.0, 1.0, 0.0, 1.0000000000000002, 1.0, 0.9999999999999999, 1.0, 0.5, 1.0, 1.0, 1.0000000000000002, 1.0, 1.0, 1.0, 0.30000000000000004, 1.0, 1.0, 0.4, 1.0, 1.0, 1.0, 1.0, 0.0, 1.0, 1.0, 1.0, 1.0, 0.6000000000000001, 0.0, 1.0, 0.7000000000000001, 1.0, 1.0, 0.6000000000000001, 1.0, 1.0000000000000002, 1.0, 1.0, 0.4, 1.0, 1.0, 0.0, 1.0, 1.0, 1.0, 0.0, 1.0, 0.0, 1.0, 0.0, 1.0, 1.0, 1.0, 1.0, 1.0, 1.0, 0.4, 1.0, 0.5, 1.0000000000000002, 1.0, 0.1, 1.0, 1.0, 1.0, 1.0, 1.0, 1.0, 1.0, 1.0, 1.0, 1.0, 1.0, 0.0, 1.0, 1.0, 1.0, 0.0, 1.0, 1.0, 0.2, 0.4, 1.0, 0.5, 1.0000000000000002, 1.0, 1.0, 1.0, 1.0, 1.0, 1.0, 1.0000000000000002, 0.8, 1.0000000000000002, 1.0, 1.0000000000000002, 1.0, 1.0, 1.0, 0.2, 0.0, 1.0, 1.0, 1.0, 0.30000000000000004, 1.0, 1.0, 1.0, 1.0000000000000002, 0.0, 1.0, 1.0, 1.0, 0.9, 0.0, 0.30000000000000004, 1.0, 1.0000000000000002, 1.0, 1.0, 1.0, 1.0, 1.0000000000000002, 1.0, 0.0, 1.0000000000000002, 1.0, 0.0, 1.0000000000000002, 1.0, 1.0, 1.0, 1.0, 1.0, 1.0, 1.0, 1.0, 1.0, 1.0000000000000002, 1.0, 1.0, 1.0000000000000002, 1.0, 1.0, 0.0, 1.0, 1.0, 1.0, 1.0, 1.0, 1.0, 1.0, 1.0, 1.0, 1.0, 1.0, 1.0000000000000002, 1.0, 1.0, 0.9999999999999999, 1.0, 1.0, 1.0, 1.0, 1.0, 1.0, 1.0, 1.0, 1.0, 1.0, 1.0, 1.0000000000000002, 1.0, 0.0, 1.0, 1.0, 1.0, 1.0, 1.0, 1.0, 1.0, 1.0, 1.0, 1.0000000000000002, 1.0, 1.0, 1.0, 1.0, 1.0, 1.0, 1.0, 1.0, 1.0, 1.0, 1.0, 1.0, 1.0000000000000002, 0.0, 1.0, 1.0, 1.0, 1.0, 1.0, 0.9, 1.0, 1.0, 1.0, 1.0, 1.0, 1.0, 1.0, 1.0000000000000002, 1.0000000000000002, 1.0000000000000002, 1.0000000000000002, 1.0, 1.0000000000000002, 1.0, 1.0, 1.0, 1.0, 1.0, 1.0000000000000002, 1.0, 1.0, 1.0, 1.0, 0.0, 1.0000000000000002, 1.0, 0.0, 1.0, 1.0, 1.0, 1.0, 1.0, 0.9999999999999999, 0.0, 1.0, 1.0, 1.0, 1.0, 1.0, 1.0000000000000002, 1.0, 1.0, 0.0, 0.9999999999999999, 1.0, 1.0, 1.0, 1.0, 1.0, 1.0000000000000002, 0.0, 1.0, 1.0, 1.0, 0.0, 1.0, 1.0, 0.8999999999999999, 1.0000000000000002, 1.0, 1.0000000000000002, 0.0, 1.0, 1.0000000000000002, 1.0000000000000002, 1.0000000000000002, 1.0, 1.0, 1.0, 1.0, 1.0, 1.0, 0.0, 1.0, 1.0, 0.0, 1.0, 1.0, 1.0, 1.0, 1.0, 1.0, 1.0, 1.0, 1.0, 0.9999999999999999, 1.0, 1.0, 0.0, 0.0, 1.0, 1.0, 1.0, 1.0, 1.0, 1.0, 0.0, 1.0, 1.0, 1.0, 1.0, 1.0, 1.0, 1.0, 1.0, 1.0, 1.0, 1.0, 1.0, 1.0, 1.0, 0.9999999999999999, 1.0, 1.0, 1.0000000000000002, 0.0, 0.0, 1.0, 1.0, 1.0, 1.0, 1.0, 1.0, 1.0, 1.0, 1.0000000000000002, 1.0, 1.0000000000000002, 1.0, 1.0, 0.0, 0.0, 1.0, 1.0, 1.0, 1.0, 1.0, 1.0, 1.0, 1.0, 1.0, 1.0, 1.0, 1.0, 1.0, 1.0, 1.0, 0.0, 1.0, 1.0, 1.0, 1.0, 1.0, 1.0, 1.0000000000000002, 1.0, 1.0, 1.0, 1.0, 1.0, 1.0, 1.0, 1.0, 1.0, 1.0, 1.0, 0.9, 1.0, 1.0, 1.0, 1.0, 1.0, 1.0000000000000002, 1.0, 1.0, 1.0, 1.0, 1.0, 0.0, 0.9999999999999999, 1.0, 1.0, 1.0, 1.0, 1.0, 1.0, 1.0, 1.0, 1.0, 1.0, 1.0, 1.0, 1.0, 1.0, 0.9999999999999999, 1.0000000000000002, 1.0, 1.0, 1.0, 1.0, 1.0, 1.0, 1.0000000000000002, 1.0, 1.0, 1.0, 1.0, 0.5, 0.9, 1.0, 1.0, 1.0000000000000002, 1.0, 1.0, 1.0, 1.0, 0.0, 1.0, 1.0, 1.0, 1.0, 1.0, 1.0, 1.0, 1.0, 1.0, 1.0, 1.0, 1.0000000000000002, 1.0000000000000002, 1.0, 1.0, 1.0, 1.0000000000000002, 1.0, 1.0, 1.0, 1.0000000000000002, 1.0, 1.0, 1.0, 0.2, 1.0, 1.0000000000000002, 1.0, 1.0, 1.0, 1.0000000000000002, 1.0, 1.0000000000000002, 1.0, 0.0, 1.0, 1.0, 1.0, 1.0, 1.0, 1.0, 1.0, 1.0, 1.0, 1.0, 1.0, 0.0, 1.0, 0.4, 1.0, 1.0, 1.0000000000000002, 1.0, 1.0, 1.0, 1.0, 0.2, 1.0, 1.0, 1.0, 1.0, 1.0000000000000002, 1.0000000000000002, 1.0000000000000002, 1.0, 1.0, 1.0, 1.0, 1.0000000000000002, 1.0, 1.0000000000000002, 0.6, 1.0, 1.0, 1.0,