{"dataset_name": "bank-marketing", "noise_ratio": 0.25999584434088274, "coverage": 0.9314587480645875, "noisy_class_distribution": [0.6608388494760902, 0.3391611505239099], "class_distribution": [0.8819951338199513, 0.11800486618004866], "accuracy": 0.845, "balanced_accuracy": 0.7228, "log_loss": 0.3637, "ranking_quality": [0.0, 0.0], "detector_name": "none", "handler_name": "filter", "fitting_time": 4.374141555279493, "params": {"sgd__alpha": 0.0011582221775388569, "sgd__eta0": 0.3513854676705504}, "commit": "250af80d14f95a33efbf01b8c68d859df9c641c7", "hostname": "r-marcel-c3-abs20-12"}