{"dataset_name": "bioresponse", "noise_ratio": 0.4603811434302909, "coverage": 0.997, "noisy_class_distribution": [0.8415245737211635, 0.1584754262788365], "class_distribution": [0.4533333333333333, 0.5466666666666666], "accuracy": 0.6197, "balanced_accuracy": 0.606, "log_loss": 2.2838, "ranking_quality": [0.0, 0.0], "detector_name": "none", "handler_name": "filter", "fitting_time": 0.5292597897350788, "params": {"sgd__alpha": 0.0007230035674570406, "sgd__eta0": 0.0020056006713047216}, "commit": "250af80d14f95a33efbf01b8c68d859df9c641c7", "hostname": "r-marcel-c3-abs20-12"}