{"dataset_name": "imdb136", "noise_ratio": 0.2672597176561593, "coverage": 0.82736, "noisy_class_distribution": [0.3248404563914137, 0.6751595436085863], "class_distribution": [0.5, 0.5], "accuracy": 0.6612, "balanced_accuracy": 0.6612, "log_loss": 0.5694, "ranking_quality": [0.0, 0.0], "detector_name": "none", "handler_name": "filter", "fitting_time": 0.4478997131809592, "params": {"sgd__alpha": 0.00023878628589734486, "sgd__eta0": 0.008127763868881099}, "commit": "250af80d14f95a33efbf01b8c68d859df9c641c7", "hostname": "r-marcel-c3-abs20-12"}