{"dataset_name": "imdb", "noise_ratio": 0.26348843848130177, "coverage": 0.87575, "noisy_class_distribution": [0.4344847273765344, 0.5655152726234656], "class_distribution": [0.5, 0.5], "accuracy": 0.7628, "balanced_accuracy": 0.7628, "log_loss": 0.4848, "ranking_quality": [0.0, 0.0], "detector_name": "none", "handler_name": "filter", "fitting_time": 0.41968731861561537, "params": {"sgd__alpha": 0.00010733152805466189, "sgd__eta0": 0.01817327786470881}, "commit": "250af80d14f95a33efbf01b8c68d859df9c641c7", "hostname": "r-marcel-c3-abs20-12"}