{"dataset_name": "phishing", "noise_ratio": 0.2105384793159233, "coverage": 0.9785165083672547, "noisy_class_distribution": [0.42546799168014793, 0.5745320083198521], "class_distribution": [0.44674355495251017, 0.5532564450474898], "accuracy": 0.8237, "balanced_accuracy": 0.8119, "log_loss": 0.4043, "ranking_quality": [0.0, 0.0], "detector_name": "none", "handler_name": "filter", "fitting_time": 1.4111590376123786, "params": {"sgd__alpha": 0.0004444206695406835, "sgd__eta0": 0.00653536862383442}, "commit": "250af80d14f95a33efbf01b8c68d859df9c641c7", "hostname": "r-marcel-c3-abs20-12"}