{"dataset_name": "tennis", "noise_ratio": 0.13320879436700672, "coverage": 1.0, "noisy_class_distribution": [0.5824112659864923, 0.4175887340135077], "class_distribution": [0.5883029170857882, 0.4116970829142118], "accuracy": 0.877, "balanced_accuracy": 0.8767, "log_loss": 0.827, "ranking_quality": [0.0, 0.0], "detector_name": "none", "handler_name": "filter", "fitting_time": 1.0085245473310351, "params": {"sgd__alpha": 0.005295762972520791, "sgd__eta0": 0.0019775341954956414}, "commit": "250af80d14f95a33efbf01b8c68d859df9c641c7", "hostname": "r-marcel-c3-abs20-12"}