{"dataset_name": "yelp", "noise_ratio": 0.27780647725014906, "coverage": 0.827796052631579, "noisy_class_distribution": [0.27188555533479036, 0.7281144446652096], "class_distribution": [0.5036513157894736, 0.4963486842105263], "accuracy": 0.5329, "balanced_accuracy": 0.5113, "log_loss": 0.7014, "ranking_quality": [0.0, 0.0], "detector_name": "none", "handler_name": "filter", "fitting_time": 4.4008279871195555, "params": {"sgd__alpha": 0.0006714424638002873, "sgd__eta0": 0.10755732466078781}, "commit": "250af80d14f95a33efbf01b8c68d859df9c641c7", "hostname": "r-marcel-c3-abs20-12"}