{"dataset_name": "yoruba", "noise_ratio": 0.40192153722978385, "coverage": 0.932089552238806, "noisy_class_distribution": [0.057646116893514815, 0.2530024019215372, 0.0600480384307446, 0.09687750200160128, 0.2746196957566053, 0.0656525220176141, 0.1921537229783827], "class_distribution": [0.0708955223880597, 0.18880597014925374, 0.03805970149253731, 0.3604477611940298, 0.24104477611940298, 0.03731343283582089, 0.06343283582089553], "accuracy": 0.3536, "balanced_accuracy": 0.2812, "log_loss": 1.6637, "ranking_quality": [0.0, 0.0, 0.0, 0.0, 0.0, 0.0, 0.0], "detector_name": "none", "handler_name": "filter", "fitting_time": 0.5578331062570214, "params": {"sgd__alpha": 0.0008175394051851239, "sgd__eta0": 0.5178254497191218}, "commit": "250af80d14f95a33efbf01b8c68d859df9c641c7", "hostname": "r-marcel-c3-abs20-12"}