{"dataset_name": "spambase", "noise_ratio": 0.1423913043478261, "noisy_class_distribution": [0.5736413043478261, 0.42635869565217394], "class_distribution": [0.6057065217391304, 0.3942934782608696], "accuracy": 0.9176, "balanced_accuracy": 0.9004, "log_loss": 0.2226, "ranking_quality": [1.0, 1.0], "detector_name": "silver", "handler_name": "filter", "fitting_time": 0.42500276025384665, "params": {"sgd__alpha": 0.0001, "sgd__eta0": 0.1}, "commit": "a09866f5ec62619c142b1f84a18bf8a420118b9d", "hostname": "r-marcel-c3-8440-02"}