{"dataset_name": "tennis", "noise_ratio": 0.1520333381232936, "noisy_class_distribution": [0.5621497341572065, 0.4378502658427935], "class_distribution": [0.5883029170857882, 0.4116970829142118], "accuracy": 0.888, "balanced_accuracy": 0.885, "log_loss": 0.3374, "ranking_quality": [1.0, 1.0], "detector_name": "silver", "handler_name": "filter", "fitting_time": 1.141955797560513, "params": {"sgd__alpha": 0.0001, "sgd__eta0": 0.0001}, "commit": "a09866f5ec62619c142b1f84a18bf8a420118b9d", "hostname": "r-marcel-c3-8440-02"}