{"dataset_name": "agnews", "noise_ratio": 0.1852399191724221, "coverage": 0.6907708333333333, "noisy_class_distribution": [0.259884790541967, 0.27387881895225746, 0.26985251982990016, 0.19638387067587537], "class_distribution": [0.2518125, 0.24691666666666667, 0.2475, 0.25377083333333333], "accuracy": 0.5339, "balanced_accuracy": 0.5308, "log_loss": 1.2704, "ranking_quality": [0.0, 0.0, 0.0, 0.0], "detector_name": "wood", "handler_name": "filter", "fitting_time": 14.323917381465435, "params": {"sgd__alpha": 0.0009142059414826737, "sgd__eta0": 0.001546286786160472}, "commit": "250af80d14f95a33efbf01b8c68d859df9c641c7", "hostname": "r-marcel-c3-abs20-12"}