{"dataset_name": "amazon", "noise_ratio": 0.24501044159856578, "coverage": 0.65543125, "noisy_class_distribution": [0.20144179881566526, 0.7985582011843347], "class_distribution": [0.5004375, 0.4995625], "accuracy": 0.6584, "balanced_accuracy": 0.6584, "log_loss": 0.6127, "ranking_quality": [0.0, 0.0], "detector_name": "wood", "handler_name": "filter", "fitting_time": 21.250941028818488, "params": {"sgd__alpha": 0.0005253144225564958, "sgd__eta0": 0.004455035864563413}, "commit": "250af80d14f95a33efbf01b8c68d859df9c641c7", "hostname": "r-marcel-c3-abs20-12"}