{"dataset_name": "bank-marketing", "noise_ratio": 0.25999584434088274, "coverage": 0.9314587480645875, "noisy_class_distribution": [0.6608388494760902, 0.3391611505239099], "class_distribution": [0.8819951338199513, 0.11800486618004866], "accuracy": 0.8589, "balanced_accuracy": 0.6948, "log_loss": 0.4134, "ranking_quality": [0.0, 0.0], "detector_name": "wood", "handler_name": "filter", "fitting_time": 5.943384626880288, "params": {"sgd__alpha": 0.004465537692280683, "sgd__eta0": 0.0033526136396069737}, "commit": "250af80d14f95a33efbf01b8c68d859df9c641c7", "hostname": "r-marcel-c3-abs20-12"}