{"dataset_name": "census", "noise_ratio": 0.19459729864932462, "coverage": 0.9912724387583061, "noisy_class_distribution": [0.936168084042021, 0.06383191595797899], "class_distribution": [0.7633640781513439, 0.23663592184865614], "accuracy": 0.7891, "balanced_accuracy": 0.5645, "log_loss": 0.6256, "ranking_quality": [0.0, 0.0], "detector_name": "wood", "handler_name": "filter", "fitting_time": 0.36627899389714, "params": {"sgd__alpha": 0.0006591601671059709, "sgd__eta0": 0.0015960489875949152}, "commit": "250af80d14f95a33efbf01b8c68d859df9c641c7", "hostname": "r-marcel-c3-abs20-12"}