{"dataset_name": "hausa", "noise_ratio": 0.49550000000000005, "coverage": 0.9779951100244498, "noisy_class_distribution": [0.0705, 0.0825, 0.0875, 0.101, 0.6585], "class_distribution": [0.15403422982885084, 0.21222493887530564, 0.219559902200489, 0.1388753056234719, 0.27530562347188264], "accuracy": 0.2955, "balanced_accuracy": 0.2231, "log_loss": 1.5322, "ranking_quality": [0.0, 0.0, 0.0, 0.0, 0.0], "detector_name": "wood", "handler_name": "filter", "fitting_time": 0.343681332655251, "params": {"sgd__alpha": 0.0034390953226483157, "sgd__eta0": 0.008344887594917557}, "commit": "250af80d14f95a33efbf01b8c68d859df9c641c7", "hostname": "r-marcel-c3-abs20-12"}