{"dataset_name": "sms", "noise_ratio": 0.028617710583153322, "coverage": 0.4051629840297528, "noisy_class_distribution": [0.8606911447084233, 0.13930885529157666], "class_distribution": [0.8650185954933275, 0.1349814045066725], "accuracy": 0.866, "balanced_accuracy": 0.5, "log_loss": 0.4142, "ranking_quality": [0.0, 0.0], "detector_name": "wood", "handler_name": "filter", "fitting_time": 2.0836003785952926, "params": {"sgd__alpha": 0.002707557951836922, "sgd__eta0": 0.016646559375589374}, "commit": "356cb1a4f28fb4f7a2886f31d0f2547b88f544da", "hostname": "r-marcel-c3-8440-03"}