{"dataset_name": "amazon", "noise_ratio": 0.1517375, "noisy_class_distribution": [0.5001625, 0.4998375], "class_distribution": [0.5004375, 0.4995625], "accuracy": 0.925, "balanced_accuracy": 0.925, "log_loss": 0.2587, "ranking_quality": [1.0, 1.0], "detector_name": "silver", "handler_name": "filter", "fitting_time": 0.8770946497097611, "params": {"sgd__alpha": 0.0001, "sgd__eta0": 0.1}, "commit": "a09866f5ec62619c142b1f84a18bf8a420118b9d", "hostname": "r-marcel-c3-8440-02"}