{"dataset_name": "basketball", "noise_ratio": 0.14707846410684475, "noisy_class_distribution": [0.7728992765720646, 0.22710072342793544], "class_distribution": [0.8871452420701169, 0.11285475792988314], "accuracy": 0.9354, "balanced_accuracy": 0.9424, "log_loss": 0.19, "ranking_quality": [1.0, 1.0], "detector_name": "silver", "handler_name": "filter", "fitting_time": 3.081832244992256, "params": {"sgd__alpha": 0.0001, "sgd__eta0": 0.0001}, "commit": "a09866f5ec62619c142b1f84a18bf8a420118b9d", "hostname": "r-marcel-c3-8440-02"}