{"dataset_name": "census", "noise_ratio": 0.14598829713378955, "noisy_class_distribution": [0.6891798075969453, 0.31082019240305464], "class_distribution": [0.7633640781513439, 0.23663592184865614], "accuracy": 0.8413, "balanced_accuracy": 0.7285, "log_loss": 0.3497, "ranking_quality": [1.0, 1.0], "detector_name": "silver", "handler_name": "filter", "fitting_time": 1.021962134167552, "params": {"sgd__alpha": 0.0001, "sgd__eta0": 0.1}, "commit": "a09866f5ec62619c142b1f84a18bf8a420118b9d", "hostname": "r-marcel-c3-8440-02"}