{"dataset_name": "youtube", "noise_ratio": 0.149402390438247, "coverage": 0.8932384341637011, "noisy_class_distribution": [0.5517928286852589, 0.448207171314741], "class_distribution": [0.4750889679715303, 0.5249110320284698], "accuracy": 0.832, "balanced_accuracy": 0.822, "log_loss": 0.4071, "ranking_quality": [0.9964, 0.7043], "detector_name": "gb_consensus", "handler_name": "filter", "fitting_time": 1095.1813866756856, "params": {"splitter__threshold": 0.0, "detector__base_model__learning_rate": 0.0014117680963446255, "detector__base_model__reg_lambda": 7.111246890425448, "estimator__learning_rate": 0.003800495232053845, "estimator__reg_lambda": 0.5217351616291888}, "commit": "78100f816c93d2b55b0299b7329300fe0f7d5b50", "hostname": "r-marcel-c3-abs20-12", "trust_scores": [0.5, 1.0, 0.0, 1.0, 1.0, 1.0, 1.0, 0.0, 0.0, 0.0, 0.0, 0.4, 0.0, 1.0, 1.0, 1.0, 0.5, 1.0, 0.8, 1.0000000000000002, 1.0000000000000002, 0.0, 0.1, 1.0, 0.0, 1.0, 1.0, 1.0, 1.0, 0.0, 0.1, 1.0, 1.0, 0.2, 0.2, 1.0, 0.0, 1.0, 1.0, 1.0000000000000002, 1.0, 1.0, 1.0, 1.0, 0.1, 1.0, 1.0, 0.5, 0.9, 0.7000000000000001, 1.0, 0.0, 1.0, 0.5, 1.0, 0.0, 0.6000000000000001, 0.0, 1.0, 1.0, 0.0, 1.0, 0.9, 0.0, 1.0000000000000002, 0.8, 0.0, 1.0, 0.9, 1.0, 1.0, 0.0, 1.0000000000000002, 0.0, 0.1, 0.1, 1.0, 1.0, 1.0, 1.0, 0.1, 1.0000000000000002, 1.0, 1.0, 0.9000000000000001, 0.5, 0.0, 1.0, 1.0, 1.0, 1.0, 1.0, 1.0, 1.0, 1.0, 0.30000000000000004, 0.1, 1.0, 1.0, 1.0, 1.0, 0.6, 1.0, 1.0, 1.0, 1.0, 1.0, 1.0, 1.0, 0.0, 0.9, 0.7, 0.1, 0.0, 1.0000000000000002, 1.0, 1.0000000000000002, 1.0, 0.0, 1.0, 1.0, 1.0000000000000002, 1.0, 1.0, 1.0, 1.0, 0.30000000000000004, 1.0, 0.7999999999999999, 1.0, 1.0, 1.0, 1.0, 1.0, 1.0000000000000002, 1.0000000000000002, 1.0, 1.0, 1.0, 0.0, 1.0, 1.0, 1.0, 1.0, 1.0, 1.0, 0.2, 1.0000000000000002, 1.0, 1.0, 1.0, 1.0, 0.0, 1.0, 1.0, 1.0, 1.0, 1.0, 1.0, 0.2, 0.8, 0.2, 1.0, 1.0, 0.0, 1.0, 0.1, 1.0, 1.0, 1.0, 1.0, 1.0, 1.0, 1.0, 1.0, 1.0, 1.0, 0.9, 1.0, 1.0000000000000002, 1.0000000000000002, 1.0, 1.0, 0.9, 1.0, 1.0, 1.0, 1.0, 1.0, 1.0000000000000002, 1.0, 1.0, 0.0, 0.8, 1.0, 1.0, 1.0, 1.0, 0.0, 1.0, 0.0, 1.0, 0.0, 1.0, 1.0, 1.0, 1.0, 1.0, 1.0, 1.0, 1.0, 1.0, 1.0, 1.0, 0.5, 1.0000000000000002, 1.0, 1.0, 1.0, 0.9, 1.0, 1.0, 0.2, 0.1, 1.0, 1.0, 1.0, 1.0, 1.0, 1.0, 0.6000000000000001, 1.0000000000000002, 1.0000000000000002, 1.0, 1.0, 0.0, 1.0, 1.0000000000000002, 1.0000000000000002, 0.1, 1.0, 1.0, 1.0, 1.0, 0.0, 1.0, 1.0, 0.30000000000000004, 1.0, 1.0, 1.0000000000000002, 1.0, 0.0, 1.0, 1.0, 1.0, 1.0, 1.0, 1.0000000000000002, 1.0, 1.0, 0.7, 0.7, 1.0000000000000002, 1.0, 1.0, 1.0, 1.0, 0.0, 0.0, 0.0, 1.0, 0.2, 1.0, 1.0, 0.2, 0.0, 1.0, 1.0, 0.2, 0.4, 0.0, 0.0, 1.0, 0.6000000000000001, 1.0, 1.0, 0.0, 1.0, 1.0, 0.9999999999999999, 0.4, 1.0, 0.30000000000000004, 1.0000000000000002, 0.7000000000000001, 1.0, 1.0, 1.0, 1.0, 1.0, 1.0, 0.0, 1.0, 1.0, 1.0, 1.0, 1.0, 0.2, 0.0, 0.1, 1.0, 1.0, 0.0, 0.9, 1.0000000000000002, 1.0, 1.0, 1.0, 0.0, 0.0, 0.0, 1.0000000000000002, 1.0, 1.0, 0.0, 1.0, 1.0, 1.0, 0.0, 1.0, 0.0, 1.0, 1.0000000000000002, 0.0, 0.0, 1.0, 1.0, 1.0, 0.0, 1.0000000000000002, 0.1, 1.0, 1.0, 1.0, 1.0, 1.0, 1.0, 1.0, 1.0, 1.0, 1.0, 1.0, 1.0, 0.8, 1.0000000000000002, 1.0000000000000002, 0.30000000000000004, 0.0, 1.0, 0.30000000000000004, 1.0, 0.8, 0.8, 1.0, 1.0, 1.0, 1.0, 0.5, 0.2, 1.0, 0.9999999999999999, 1.0, 1.0000000000000002, 1.0, 0.0, 0.6, 1.0, 1.0, 1.0, 0.0, 1.0, 1.0, 1.0, 1.0000000000000002, 1.0000000000000002, 1.0, 1.0, 0.0, 1.0, 0.0, 0.5, 0.0, 1.0, 1.0, 0.0, 1.0, 1.0000000000000002, 0.1, 1.0, 1.0, 1.0, 1.0, 1.0, 1.0, 0.0, 1.0, 0.9, 0.1, 1.0, 1.0, 0.0, 1.0000000000000002, 0.5, 1.0, 1.0, 1.0, 1.0, 0.9000000000000001, 1.0, 0.9, 1.0, 1.0000000000000002, 0.8, 0.2, 0.2, 1.0, 1.0, 1.0, 1.0, 0.1, 1.0, 1.0, 0.1, 1.0, 0.0, 0.0, 1.0, 1.0, 1.0, 1.0, 0.7999999999999999, 0.9000000000000001, 0.0, 0.30000000000000004, 1.0, 1.0, 1.0, 0.0, 1.0000000000000002, 0.2, 1.0, 0.1, 1.0000000000000002, 0.8, 1.0, 1.0, 1.0, 1.0, 1.0, 1.0, 0.4, 1.0, 0.0, 0.2, 0.0, 1.0000000000000002, 1.0, 0.0, 0.0, 1.0000000000000002, 0.9, 1.0, 1.0, 1.0, 1.0000000000000002, 0.9, 0.5, 1.0, 1.0, 0.9, 0.30000000000000004, 0.1, 0.0, 1.0, 0.0, 1.0, 1.0, 0.0, 1.0000000000000002, 1.0, 0.9999999999999999, 1.0, 0.1, 0.8, 1.0, 1.0000000000000002, 1.0, 1.0, 0.9, 0.30000000000000004, 1.0, 1.0, 0.8, 1.0, 1.0, 1.0, 1.0, 0.0, 1.0, 1.0, 0.8, 1.0, 0.30000000000000004, 0.0, 1.0, 0.9000000000000001, 1.0, 1.0, 0.1, 1.0, 1.0000000000000002, 1.0, 1.0, 1.0, 1.0, 1.0, 0.0, 1.0, 1.0, 1.0, 0.0, 1.0, 0.0, 1.0, 0.0, 1.0, 1.0, 1.0, 1.0, 1.0, 0.8, 0.4, 1.0, 0.6000000000000001, 1.0000000000000002, 1.0, 0.0, 1.0, 1.0, 1.0, 1.0, 1.0, 1.0, 1.0, 1.0, 1.0, 1.0, 1.0, 0.0, 1.0, 1.0, 1.0, 0.0, 1.0, 1.0, 0.4, 0.0, 1.0, 0.6000000000000001, 1.0000000000000002, 1.0, 1.0, 1.0, 1.0, 1.0, 1.0, 1.0000000000000002, 1.0, 1.0000000000000002, 1.0, 1.0000000000000002, 1.0, 1.0, 1.0, 0.0, 0.0, 1.0, 1.0, 1.0, 0.1, 1.0, 1.0, 1.0, 1.0000000000000002, 0.0, 1.0, 1.0, 0.7000000000000001, 1.0, 0.0, 0.0, 1.0, 1.0000000000000002, 1.0, 1.0, 1.0, 1.0, 1.0000000000000002, 1.0, 0.0, 1.0000000000000002, 1.0, 0.0, 1.0000000000000002, 1.0, 1.0, 1.0, 1.0, 1.0, 1.0, 1.0, 1.0, 1.0, 1.0000000000000002, 1.0, 1.0, 1.0000000000000002, 1.0, 1.0, 0.0, 1.0, 1.0, 1.0, 1.0, 1.0, 1.0, 1.0, 1.0, 1.0, 1.0, 1.0, 1.0000000000000002, 1.0, 1.0, 0.9999999999999999, 1.0, 1.0, 1.0, 1.0, 1.0, 1.0, 1.0, 1.0, 1.0, 1.0, 1.0, 1.0000000000000002, 1.0, 0.0, 1.0, 1.0, 1.0, 1.0, 1.0, 1.0, 1.0, 1.0, 1.0, 1.0000000000000002, 1.0, 1.0, 1.0, 1.0, 1.0, 1.0, 1.0, 1.0, 1.0, 1.0, 1.0, 1.0, 1.0000000000000002, 0.0, 1.0, 1.0, 1.0, 1.0, 1.0, 0.2, 1.0, 1.0, 1.0, 1.0, 1.0, 1.0, 1.0, 1.0000000000000002, 1.0000000000000002, 1.0000000000000002, 1.0000000000000002, 1.0, 1.0000000000000002, 1.0, 1.0, 1.0, 1.0, 1.0, 1.0000000000000002, 1.0, 1.0, 1.0, 1.0, 0.0, 1.0000000000000002, 1.0, 0.0, 1.0, 1.0, 1.0, 1.0, 1.0, 0.9999999999999999, 0.0, 1.0, 1.0, 1.0, 1.0, 1.0, 1.0000000000000002, 1.0, 1.0, 0.0, 0.9999999999999999, 1.0, 1.0, 1.0, 1.0, 1.0, 1.0000000000000002, 0.0, 1.0, 1.0, 1.0, 0.0, 1.0, 1.0, 0.8, 1.0000000000000002, 1.0, 1.0000000000000002, 0.0, 1.0, 1.0000000000000002, 1.0000000000000002, 1.0000000000000002, 1.0, 1.0, 1.0, 1.0, 1.0, 1.0, 0.0, 1.0, 1.0, 0.0, 1.0, 1.0, 0.2, 1.0, 1.0, 1.0, 1.0, 1.0, 1.0, 0.9999999999999999, 1.0, 1.0, 0.0, 0.0, 1.0, 1.0, 1.0, 1.0, 1.0, 1.0, 0.0, 1.0, 1.0, 1.0, 1.0, 1.0, 1.0, 1.0, 1.0, 1.0, 1.0, 0.7999999999999999, 1.0, 1.0, 1.0, 0.9999999999999999, 1.0, 1.0, 1.0000000000000002, 0.0, 0.0, 1.0, 1.0, 1.0, 1.0, 1.0, 1.0, 1.0, 1.0, 1.0000000000000002, 1.0, 1.0000000000000002, 1.0, 1.0, 0.0, 0.0, 1.0, 1.0, 1.0, 1.0, 1.0, 1.0, 1.0, 1.0, 1.0, 1.0, 1.0, 1.0, 1.0, 1.0, 0.30000000000000004, 0.0, 1.0, 1.0, 1.0, 1.0, 1.0, 1.0, 1.0000000000000002, 1.0, 1.0, 1.0, 1.0, 1.0, 1.0, 1.0, 1.0, 1.0, 1.0, 1.0, 0.7000000000000001, 1.0, 1.0, 1.0, 1.0, 1.0, 1.0000000000000002, 1.0, 0.7000000000000001, 1.0, 1.0, 1.0, 0.0, 0.9999999999999999, 1.0, 1.0, 1.0, 1.0, 1.0, 1.0, 1.0, 1.0, 1.0, 1.0, 1.0, 1.0, 1.0, 1.0, 0.9999999999999999, 1.0000000000000002, 1.0, 1.0, 1.0, 1.0, 1.0, 1.0, 1.0000000000000002, 1.0, 1.0, 1.0, 1.0, 0.1, 1.0, 1.0, 1.0, 1.0000000000000002, 1.0, 1.0, 1.0, 1.0, 0.0, 1.0, 1.0, 1.0, 1.0, 1.0, 1.0, 1.0, 1.0, 1.0, 1.0, 1.0, 1.0000000000000002, 1.0000000000000002, 0.8, 1.0, 1.0, 1.0000000000000002, 1.0, 1.0, 1.0, 1.0000000000000002, 1.0, 1.0, 1.0, 0.0, 1.0, 1.0000000000000002, 1.0, 1.0, 1.0, 1.0000000000000002, 1.0, 1.0000000000000002, 1.0, 0.0, 1.0, 1.0, 1.0, 1.0, 1.0, 1.0, 1.0, 1.0, 1.0, 1.0, 1.0, 0.0, 1.0, 0.1, 1.0, 1.0, 1.0000000000000002, 1.0, 1.0, 1.0, 1.0, 0.0, 1.0, 1.0, 1.0, 1.0, 1.0000000000000002, 1.0000000000000002, 1.0000000000000002, 1.0, 1.0, 1.0, 1.0, 1.0000000000000002, 1.0, 1.0000000000000002, 0.4, 1.0, 1.0, 1.0, 0.30000000000000004, 1.0, 1.0, 1.0000000000000002, 1.0, 1.0, 1.0, 1.0, 1.0, 1.0, 1.0, 1.0, 1.0, 1.0, 1.0, 1.0, 1.0, 1.0, 1.0000000000000002, 0.0, 1.0000000000000002, 1.0, 1.0, 1.0, 1.0, 1.0, 1.0, 1.0, 1.0, 1.0, 1.0000000000000002, 1.0, 1.0, 1.0, 0.0, 1.0, 1.0000000000000002, 1.0, 1.0, 1.0, 0.0, 