{"dataset_name": "phishing", "noise_ratio": 0.2105384793159233, "coverage": 0.9785165083672547, "noisy_class_distribution": [0.42546799168014793, 0.5745320083198521], "class_distribution": [0.44674355495251017, 0.5532564450474898], "accuracy": 0.8201, "balanced_accuracy": 0.8118, "log_loss": 0.4088, "ranking_quality": [0.0, 0.0], "detector_name": "wood", "handler_name": "filter", "fitting_time": 1.1956870220601559, "params": {"sgd__alpha": 0.0001, "sgd__eta0": 0.01}, "commit": "f963f0979e166b9cf2c9b00513cd6c493e506c8d", "hostname": "r-marcel-c3-liqid-02"}