{"dataset_name": "bioresponse", "noise_ratio": 0.4603811434302909, "coverage": 0.997, "noisy_class_distribution": [0.8415245737211635, 0.1584754262788365], "class_distribution": [0.4533333333333333, 0.5466666666666666], "accuracy": 0.5957, "balanced_accuracy": 0.5791, "log_loss": 1.1712, "ranking_quality": [0.0, 0.0], "detector_name": "none", "handler_name": "filter", "fitting_time": 22.753625854849815, "params": {"learning_rate": 0.002443110634159358}, "commit": "6299e72666b77eb6542caf562ba7bde2b353704c", "hostname": "r-marcel-c3-8440-01"}