{"dataset_name": "census", "noise_ratio": 0.19459729864932462, "coverage": 0.9912724387583061, "noisy_class_distribution": [0.936168084042021, 0.06383191595797899], "class_distribution": [0.7633640781513439, 0.23663592184865614], "accuracy": 0.7969, "balanced_accuracy": 0.5821, "log_loss": 0.7891, "ranking_quality": [0.0, 0.0], "detector_name": "none", "handler_name": "filter", "fitting_time": 13.341612515971065, "params": {"learning_rate": 0.03237785408837145}, "commit": "6299e72666b77eb6542caf562ba7bde2b353704c", "hostname": "r-marcel-c3-8440-01"}