{"dataset_name": "imdb", "noise_ratio": 0.26348843848130177, "coverage": 0.87575, "noisy_class_distribution": [0.4344847273765344, 0.5655152726234656], "class_distribution": [0.5, 0.5], "accuracy": 0.714, "balanced_accuracy": 0.714, "log_loss": 0.6787, "ranking_quality": [0.0, 0.0], "detector_name": "none", "handler_name": "filter", "fitting_time": 53.758108861744404, "params": {"learning_rate": 0.0018952172572743}, "commit": "6299e72666b77eb6542caf562ba7bde2b353704c", "hostname": "r-marcel-c3-8440-01"}