{"dataset_name": "professor_teacher", "noise_ratio": 0.17864311521477316, "coverage": 0.8104766552789979, "noisy_class_distribution": [0.508329987956644, 0.4916700120433561], "class_distribution": [0.49536359199609564, 0.5046364080039043], "accuracy": 0.8162, "balanced_accuracy": 0.8169, "log_loss": 0.4208, "ranking_quality": [0.0, 0.0], "detector_name": "none", "handler_name": "filter", "fitting_time": 49.414491068571806, "params": {"learning_rate": 0.00240068225509805}, "commit": "6299e72666b77eb6542caf562ba7bde2b353704c", "hostname": "r-marcel-c3-8440-01"}