{"dataset_name": "yelp", "noise_ratio": 0.27780647725014906, "coverage": 0.827796052631579, "noisy_class_distribution": [0.27188555533479036, 0.7281144446652096], "class_distribution": [0.5036513157894736, 0.4963486842105263], "accuracy": 0.6576, "balanced_accuracy": 0.6433, "log_loss": 0.7237, "ranking_quality": [0.0, 0.0], "detector_name": "none", "handler_name": "filter", "fitting_time": 56.642897454090416, "params": {"learning_rate": 0.004922536609097021}, "commit": "6299e72666b77eb6542caf562ba7bde2b353704c", "hostname": "r-marcel-c3-8440-01"}