{"dataset_name": "bank-marketing", "noise_ratio": 0.14855673523556734, "coverage": 1.0, "noisy_class_distribution": [0.7684417164344172, 0.23155828356558283], "class_distribution": [0.8819951338199513, 0.11800486618004866], "accuracy": 0.9071, "balanced_accuracy": 0.6982, "log_loss": 0.2023, "ranking_quality": [1.0, 1.0], "detector_name": "silver", "handler_name": "filter", "fitting_time": 62.07488819863647, "params": {"learning_rate": 0.03128984705021927, "reg_lambda": 80.4370296931356}, "commit": "de771b8902cbef0a7f283781242ac4853f192fcf", "hostname": "r-marcel-c3-liqid-02"}