{"dataset_name": "bioresponse", "noise_ratio": 0.15066666666666662, "coverage": 1.0, "noisy_class_distribution": [0.4613333333333333, 0.5386666666666666], "class_distribution": [0.4533333333333333, 0.5466666666666666], "accuracy": 0.7793, "balanced_accuracy": 0.7796, "log_loss": 0.4969, "ranking_quality": [1.0, 1.0], "detector_name": "silver", "handler_name": "filter", "fitting_time": 50.710578847676516, "params": {"learning_rate": 0.05543648466959108, "reg_lambda": 50.195460077157584}, "commit": "de771b8902cbef0a7f283781242ac4853f192fcf", "hostname": "r-marcel-c3-liqid-02"}