{"dataset_name": "census", "noise_ratio": 0.14598829713378958, "coverage": 1.0, "noisy_class_distribution": [0.6891798075969453, 0.31082019240305464], "class_distribution": [0.7633640781513439, 0.23663592184865614], "accuracy": 0.8655, "balanced_accuracy": 0.7752, "log_loss": 0.2981, "ranking_quality": [1.0, 1.0], "detector_name": "silver", "handler_name": "filter", "fitting_time": 51.548961808905005, "params": {"learning_rate": 0.040972150978924156, "reg_lambda": 4.940390821257024}, "commit": "de771b8902cbef0a7f283781242ac4853f192fcf", "hostname": "r-marcel-c3-liqid-02"}