{"dataset_name": "commercial", "noise_ratio": 0.14752845782005297, "coverage": 1.0, "noisy_class_distribution": [0.6529081553095275, 0.3470918446904725], "class_distribution": [0.7179167316388586, 0.28208326836114145], "accuracy": 0.9408, "balanced_accuracy": 0.9252, "log_loss": 0.1637, "ranking_quality": [1.0, 1.0], "detector_name": "silver", "handler_name": "filter", "fitting_time": 235.1683598589152, "params": {"learning_rate": 0.054754298277487935, "reg_lambda": 47.82537530698207}, "commit": "727adac33d0dc2a1524b523904fa242325731100", "hostname": "r-marcel-c3-8440-03"}