{"dataset_name": "hausa", "noise_ratio": 0.2621026894865526, "coverage": 1.0, "noisy_class_distribution": [0.16283618581907092, 0.1980440097799511, 0.22591687041564792, 0.16772616136919316, 0.24547677261613693], "class_distribution": [0.15403422982885084, 0.21222493887530564, 0.219559902200489, 0.1388753056234719, 0.27530562347188264], "accuracy": 0.6306, "balanced_accuracy": 0.5984, "log_loss": 1.0099, "ranking_quality": [1.0, 1.0, 1.0, 1.0, 1.0], "detector_name": "silver", "handler_name": "filter", "fitting_time": 68.52794758416712, "params": {"learning_rate": 0.06732007806472824, "reg_lambda": 87.19110483379485}, "commit": "de771b8902cbef0a7f283781242ac4853f192fcf", "hostname": "r-marcel-c3-liqid-02"}