{"dataset_name": "mushroom", "noise_ratio": 0.14694568395137708, "coverage": 1.0, "noisy_class_distribution": [0.5120787813509771, 0.48792121864902294], "class_distribution": [0.5122326511771041, 0.48776734882289585], "accuracy": 1.0, "balanced_accuracy": 1.0, "log_loss": 0.0003, "ranking_quality": [1.0, 1.0], "detector_name": "silver", "handler_name": "filter", "fitting_time": 58.42002905346453, "params": {"learning_rate": 0.07337263455673432, "reg_lambda": 22.941429459629482}, "commit": "de771b8902cbef0a7f283781242ac4853f192fcf", "hostname": "r-marcel-c3-liqid-02"}