{"dataset_name": "phishing", "noise_ratio": 0.15083672546359117, "coverage": 1.0, "noisy_class_distribution": [0.4614427860696517, 0.5385572139303483], "class_distribution": [0.44674355495251017, 0.5532564450474898], "accuracy": 0.9584, "balanced_accuracy": 0.9578, "log_loss": 0.0964, "ranking_quality": [1.0, 1.0], "detector_name": "silver", "handler_name": "filter", "fitting_time": 57.021178531460464, "params": {"learning_rate": 0.036774387931151876, "reg_lambda": 20.450546232191712}, "commit": "de771b8902cbef0a7f283781242ac4853f192fcf", "hostname": "r-marcel-c3-liqid-02"}