{"dataset_name": "sms", "noise_ratio": 0.14898271712973088, "coverage": 1.0, "noisy_class_distribution": [0.7606650623495953, 0.23933493765040473], "class_distribution": [0.8650185954933275, 0.1349814045066725], "accuracy": 0.964, "balanced_accuracy": 0.8657, "log_loss": 0.1077, "ranking_quality": [1.0, 1.0], "detector_name": "silver", "handler_name": "filter", "fitting_time": 66.64867387339473, "params": {"learning_rate": 0.008397407300483245, "reg_lambda": 2.980635710181867}, "commit": "de771b8902cbef0a7f283781242ac4853f192fcf", "hostname": "r-marcel-c3-liqid-02"}