{"dataset_name": "spambase", "noise_ratio": 0.1423913043478261, "coverage": 1.0, "noisy_class_distribution": [0.5736413043478261, 0.42635869565217394], "class_distribution": [0.6057065217391304, 0.3942934782608696], "accuracy": 0.9544, "balanced_accuracy": 0.948, "log_loss": 0.1162, "ranking_quality": [1.0, 1.0], "detector_name": "silver", "handler_name": "filter", "fitting_time": 52.31821224838495, "params": {"learning_rate": 0.08077493836775981, "reg_lambda": 8.384587408049704}, "commit": "de771b8902cbef0a7f283781242ac4853f192fcf", "hostname": "r-marcel-c3-liqid-02"}