{"dataset_name": "tennis", "noise_ratio": 0.15203333812329356, "coverage": 1.0, "noisy_class_distribution": [0.5621497341572065, 0.4378502658427935], "class_distribution": [0.5883029170857882, 0.4116970829142118], "accuracy": 0.8816, "balanced_accuracy": 0.8788, "log_loss": 0.3366, "ranking_quality": [1.0, 1.0], "detector_name": "silver", "handler_name": "filter", "fitting_time": 83.58990630414337, "params": {"learning_rate": 0.01742217404023343, "reg_lambda": 54.88398689425299}, "commit": "de771b8902cbef0a7f283781242ac4853f192fcf", "hostname": "r-marcel-c3-liqid-02"}