{"dataset_name": "yelp", "noise_ratio": 0.1523026315789474, "coverage": 1.0, "noisy_class_distribution": [0.5042434210526315, 0.4957565789473684], "class_distribution": [0.5036513157894736, 0.4963486842105263], "accuracy": 0.9063, "balanced_accuracy": 0.906, "log_loss": 0.2664, "ranking_quality": [1.0, 1.0], "detector_name": "silver", "handler_name": "filter", "fitting_time": 141.1127483136952, "params": {"learning_rate": 0.043056618718903907, "reg_lambda": 74.69480124749062}, "commit": "de771b8902cbef0a7f283781242ac4853f192fcf", "hostname": "r-marcel-c3-liqid-02"}