{"dataset_name": "yoruba", "noise_ratio": 0.25373134328358204, "coverage": 1.0, "noisy_class_distribution": [0.09850746268656717, 0.1708955223880597, 0.0626865671641791, 0.30074626865671644, 0.22164179104477613, 0.06716417910447761, 0.07835820895522388], "class_distribution": [0.0708955223880597, 0.18880597014925374, 0.03805970149253731, 0.3604477611940298, 0.24104477611940298, 0.03731343283582089, 0.06343283582089553], "accuracy": 0.5805, "balanced_accuracy": 0.3136, "log_loss": 1.2492, "ranking_quality": [1.0, 1.0, 1.0, 1.0, 1.0, 1.0, 1.0], "detector_name": "silver", "handler_name": "filter", "fitting_time": 67.13724479079247, "params": {"learning_rate": 0.07908829558795961, "reg_lambda": 71.85204811462698}, "commit": "de771b8902cbef0a7f283781242ac4853f192fcf", "hostname": "r-marcel-c3-liqid-02"}