{"dataset_name": "youtube", "noise_ratio": 0.16014234875444844, "coverage": 1.0, "noisy_class_distribution": [0.4679715302491103, 0.5320284697508897], "class_distribution": [0.4750889679715303, 0.5249110320284698], "accuracy": 0.876, "balanced_accuracy": 0.8686, "log_loss": 0.2996, "ranking_quality": [1.0, 1.0], "detector_name": "silver", "handler_name": "filter", "fitting_time": 62.77689806558192, "params": {"learning_rate": 0.034016322565918855, "reg_lambda": 7.118966708803153}, "commit": "de771b8902cbef0a7f283781242ac4853f192fcf", "hostname": "r-marcel-c3-liqid-02"}