{"dataset_name": "yoruba", "noise_ratio": 0.25373134328358204, "coverage": 1.0, "noisy_class_distribution": [0.09850746268656717, 0.1708955223880597, 0.0626865671641791, 0.30074626865671644, 0.22164179104477613, 0.06716417910447761, 0.07835820895522388], "class_distribution": [0.0708955223880597, 0.18880597014925374, 0.03805970149253731, 0.3604477611940298, 0.24104477611940298, 0.03731343283582089, 0.06343283582089553], "accuracy": 0.5699, "balanced_accuracy": 0.2835, "log_loss": 1.4101, "ranking_quality": [0.4583, 0.4584, 0.4583, 0.9946, 0.8087, 0.3636, 0.4107], "detector_name": "klm_consensus", "handler_name": "filter", "fitting_time": 647.1766943158582, "params": {"splitter__threshold": 0.0, "detector__base_model__sgd__alpha": 4.628728659430949e-05, "detector__base_model__sgd__eta0": 0.0033535606311547042, "estimator__learning_rate": 0.012063308953861275, "estimator__reg_lambda": 18.22510543440048}, "commit": "de771b8902cbef0a7f283781242ac4853f192fcf", "hostname": "r-marcel-c3-liqid-02", "trust_scores": [0.0, 0.0, 0.0, 1.0000000000000002, 0.0, 0.0, 1.0, 0.0, 0.0, 0.0, 1.0, 0.0, 0.0, 0.0, 0.0, 1.0, 1.0, 0.0, 1.0, 0.0, 1.0, 0.0, 1.0, 1.0000000000000002, 0.0, 0.0, 0.0, 0.0, 0.0, 0.0, 0.0, 0.0, 0.0, 1.0, 0.0, 0.0, 1.0, 1.0000000000000002, 0.0, 0.0, 0.0, 0.0, 1.0, 0.1, 0.0, 1.0, 0.0, 1.0, 1.0, 1.0, 0.0, 1.0, 0.0, 1.0, 0.9, 0.0, 1.0, 0.0, 1.0, 1.0, 0.0, 1.0, 0.7, 0.7000000000000001, 1.0000000000000002, 0.0, 0.0, 0.0, 0.0, 0.0, 0.30000000000000004, 0.0, 1.0, 1.0, 1.0, 0.0, 0.0, 1.0, 0.0, 1.0, 0.0, 1.0, 1.0, 0.0, 1.0, 0.0, 0.2, 0.0, 0.2, 1.0000000000000002, 0.0, 0.0, 1.0, 1.0, 0.0, 0.0, 0.0, 1.0, 0.0, 0.8, 1.0, 0.0, 0.0, 1.0, 0.0, 1.0, 0.0, 0.0, 0.0, 0.0, 0.0, 1.0000000000000002, 0.0, 1.0, 0.0, 0.0, 0.0, 0.0, 1.0, 0.0, 0.0, 0.0, 0.0, 1.0000000000000002, 0.5, 0.0, 1.0, 1.0, 0.0, 1.0, 0.4, 0.0, 0.0, 0.0, 1.0, 1.0, 0.7000000000000001, 1.0, 1.0000000000000002, 1.0, 0.0, 0.0, 0.0, 0.0, 0.0, 0.0, 1.0, 1.0, 0.0, 0.0, 0.0, 0.0, 0.0, 1.0, 0.0, 1.0, 0.0, 0.0, 0.0, 1.0, 0.30000000000000004, 0.0, 1.0, 0.0, 1.0, 0.0, 0.0, 1.0, 1.0, 0.0, 1.0, 0.0, 1.0, 0.0, 0.9, 1.0, 0.0, 1.0, 0.0, 1.0, 1.0, 1.0, 0.0, 0.0, 0.5, 0.0, 1.0, 0.0, 1.0, 0.0, 0.0, 0.0, 1.0000000000000002, 0.0, 0.0, 0.0, 0.0, 1.0, 1.0, 0.0, 0.0, 1.0000000000000002, 0.0, 0.0, 0.8, 1.0, 1.0, 0.0, 0.0, 0.0, 1.0, 0.0, 0.8, 0.0, 1.0, 1.0, 0.0, 0.0, 0.0, 0.0, 0.0, 0.0, 1.0, 1.0, 1.0, 0.0, 0.1, 0.0, 1.0, 0.0, 1.0, 1.0000000000000002, 0.0, 0.0, 0.9000000000000001, 0.0, 0.0, 1.0, 0.0, 1.0, 1.0, 0.0, 0.0, 0.0, 1.0, 1.0, 0.0, 1.0, 0.0, 0.0, 0.0, 0.0, 1.0, 0.0, 1.0, 1.0, 0.0, 1.0, 1.0, 0.9999999999999999, 0.0, 1.0, 1.0, 0.0, 0.0, 0.6000000000000001, 0.2, 0.0, 1.0000000000000002, 0.0, 0.0, 1.0, 0.0, 0.0, 0.0, 1.0, 1.0000000000000002, 0.9999999999999999, 0.0, 1.0, 0.0, 0.0, 0.0, 0.0, 0.0, 0.0, 0.1, 1.0000000000000002, 1.0, 0.0, 1.0, 1.0, 0.0, 0.0, 1.0, 0.0, 0.0, 0.0, 0.0, 1.0, 0.0, 0.0, 0.0, 1.0000000000000002, 1.0, 0.0, 1.0, 0.1, 0.8, 0.0, 0.0, 0.0, 1.0, 0.0, 0.0, 1.0, 1.0, 1.0000000000000002, 1.0000000000000002, 1.0000000000000002, 0.0, 1.0, 1.0, 0.0, 1.0000000000000002, 1.0, 0.0, 1.0, 0.30000000000000004, 0.0, 0.9, 0.0, 1.0000000000000002, 0.5, 0.0, 0.0, 0.0, 0.0, 1.0, 0.30000000000000004, 1.0, 0.0, 0.0, 1.0, 0.0, 0.0, 1.0, 0.0, 0.0, 0.0, 0.0, 0.0, 0.0, 0.0, 1.0, 1.0, 0.0, 1.0, 0.0, 0.0, 1.0, 0.0, 0.0, 0.0, 0.0, 1.0, 0.0, 1.0, 1.0, 1.0, 1.0, 0.0, 0.0, 0.0, 0.0, 1.0, 1.0, 1.0, 0.0, 1.0, 0.0, 0.0, 0.0, 0.0, 0.0, 1.0, 0.0, 0.0, 0.0, 0.9, 1.0, 1.0, 1.0000000000000002, 0.0, 1.0, 1.0, 0.2, 1.0, 0.0, 1.0, 0.0, 0.0, 0.0, 1.0, 1.0, 0.0, 0.0, 0.0, 0.0, 1.0, 0.0, 0.2, 0.0, 0.2, 0.0, 0.0, 1.0, 0.7000000000000001, 1.0, 0.0, 0.1, 0.0, 0.0, 0.6000000000000001, 0.0, 0.0, 0.0, 0.0, 0.0, 0.0, 0.7000000000000001, 0.0, 1.0, 1.0000000000000002, 0.0, 1.0, 1.0, 0.0, 1.0, 0.0, 1.0, 0.0, 1.0, 0.0, 0.0, 0.0, 1.0, 0.0, 1.0, 0.7999999999999999, 0.0, 0.1, 0.0, 0.0, 0.0, 0.2, 0.0, 1.0, 0.0, 0.0, 0.0, 0.0, 0.9, 0.0, 0.0, 1.0, 0.0, 0.1, 0.0, 1.0, 0.0, 1.0, 0.0, 0.0, 0.0, 0.0, 1.0, 0.0, 0.0, 1.0, 1.0, 1.0, 1.0, 0.0, 0.0, 1.0, 1.0, 0.0, 0.0, 1.0, 0.0, 0.0, 0.0, 0.0, 0.0, 0.0, 0.0, 1.0, 0.0, 1.0, 0.0, 0.0, 0.0, 1.0, 0.0, 0.0, 1.0, 1.0, 0.5, 1.0, 0.0, 0.0, 0.0, 0.0, 0.0, 1.0, 1.0, 1.0, 0.0, 0.0, 0.0, 0.9, 0.0, 0.0, 1.0, 0.0, 0.0, 0.0, 0.30000000000000004, 0.0, 0.0, 0.0, 0.0, 0.0, 1.0, 0.0, 1.0, 0.0, 0.0, 1.0000000000000002, 0.0, 0.0, 0.0, 0.0, 1.0, 0.0, 1.0, 0.1, 0.0, 0.0, 1.0, 0.0, 1.0, 1.0, 0.0, 1.0, 1.0, 0.0, 1.0, 0.8, 0.0, 1.0, 1.0, 0.0, 0.0, 1.0000000000000002, 1.0, 0.0, 0.9, 0.0, 1.0, 0.0, 1.0000000000000002, 1.0, 0.0, 0.0, 1.0, 1.0, 0.0, 1.0000000000000002, 1.0000000000000002, 0.0, 0.0, 0.0, 0.2, 1.0, 0.0, 1.0, 0.0, 1.0, 0.0, 0.4, 0.0, 0.0, 0.0, 0.0, 0.0, 0.0, 0.0, 0.0, 0.9999999999999999, 0.0, 0.0, 0.0, 1.0, 0.0, 1.0, 0.0, 0.30000000000000004, 1.0, 0.0, 0.0, 0.0, 1.0, 0.0, 0.0, 0.0, 1.0, 1.0, 0.0, 0.0, 1.0000000000000002, 1.0, 0.0, 1.0, 1.0, 1.0, 1.0, 0.9999999999999999, 1.0, 1.0000000000000002, 0.0, 0.0, 1.0, 0.0, 0.0, 1.0000000000000002, 0.0, 1.0, 0.0, 0.0, 0.0, 1.0, 1.0, 0.0, 1.0, 0.0, 0.0, 1.0, 0.0, 1.0, 0.0, 1.0, 0.0, 0.0, 0.0, 0.0, 0.0, 0.0, 1.0, 1.0, 0.0, 1.0, 1.0, 1.0000000000000002, 0.0, 1.0, 0.0, 1.0, 0.0, 1.0, 0.0, 1.0, 0.0, 0.0, 0.0, 1.0, 0.0, 0.0, 0.0, 1.0, 0.0, 0.0, 1.0, 1.0, 0.0, 1.0, 1.0, 0.0, 0.0, 0.0, 0.0, 1.0, 1.0, 0.0, 1.0, 1.0, 0.0, 0.0, 0.0, 1.0, 1.0, 1.0, 1.0, 1.0, 0.0, 1.0, 1.0, 1.0, 0.0, 1.0, 0.0, 1.0, 1.0, 0.0, 0.0, 1.0, 0.4, 0.0, 0.9, 1.0, 1.0000000000000002, 1.0, 1.0, 1.0, 1.0, 1.0, 0.0, 1.0, 0.0, 0.0, 1.0, 1.0, 1.0, 1.0, 0.0, 0.0, 1.0, 1.0, 0.0, 0.0, 0.0, 1.0, 0.0, 0.0, 1.0, 0.2, 1.0, 1.0, 0.0, 0.0, 0.0, 0.0, 0.0, 0.0, 1.0, 1.0, 1.0, 1.0, 1.0, 1.0, 0.0, 0.0, 0.0, 0.9999999999999999, 0.0, 0.0, 1.0, 0.0, 1.0, 0.0, 0.0, 1.0, 0.0, 0.9999999999999999, 0.0, 0.0, 0.0, 0.8, 0.0, 0.0, 0.0, 0.0, 0.0, 1.0, 1.0, 0.0, 0.0, 1.0, 1.0, 0.0, 0.0, 1.0, 0.0, 1.0, 0.0, 0.0, 1.0, 1.0000000000000002, 1.0, 0.0, 0.0, 0.0, 0.0, 0.0, 0.0, 0.0, 1.0, 0.0, 1.0, 0.0, 0.0, 0.0, 0.0, 1.0, 0.0, 0.0, 0.0, 1.0000000000000002, 1.0, 1.0, 1.0, 1.0, 0.0, 1.0, 1.0, 0.0, 0.0, 1.0, 1.0, 1.0000000000000002, 0.30000000000000004, 0.30000000000000004, 0.0, 1.0, 0.0, 0.0, 0.0, 0.0, 1.0, 1.0, 1.0, 0.0, 1.0, 0.8, 0.0, 1.0, 0.0, 1.0, 1.0, 0.0, 0.0, 1.0, 0.0, 1.0000000000000002, 0.0, 0.0, 0.0, 0.2, 0.0, 1.0, 1.0, 0.0, 1.0, 1.0, 1.0, 1.0, 0.0, 0.0, 0.0, 0.0, 1.0, 1.0, 0.0, 0.2, 0.0, 1.0, 0.0, 1.0, 1.0, 0.0, 0.1, 0.0, 1.0, 0.0, 0.0, 1.0, 0.0, 0.0, 1.0, 0.9, 1.0, 0.0, 1.0000000000000002, 0.0, 1.0, 0.0, 0.0, 0.0, 1.0, 0.0, 0.0, 0.0, 0.0, 1.0, 0.0, 0.0, 0.0, 1.0, 0.0, 1.0, 0.0, 1.0, 0.0, 0.0, 0.0, 0.0, 0.0, 1.0, 1.0, 1.0, 0.0, 1.0, 0.0, 1.0, 0.0, 0.0, 1.0, 0.0, 0.4, 0.0, 0.0, 0.0, 0.0, 1.0, 0.0, 0.0, 0.0, 1.0, 0.9, 0.0, 0.0, 0.0, 0.0, 0.0, 0.0, 0.0, 1.0, 0.0, 1.0000000000000002, 1.0, 1.0, 0.0, 0.0, 0.0, 0.0, 1.0, 0.0, 1.0, 1.0, 0.0, 1.0, 0.0, 0.0, 0.0, 0.0, 0.7000000000000001, 0.0, 0.0, 1.0, 0.0, 0.0, 0.4, 0.0, 0.0, 1.0, 0.0, 0.2, 1.0, 0.0, 1.0, 0.0, 1.0000000000000002, 1.0, 1.0, 1.0, 1.0, 0.0, 0.0, 0.0, 0.0, 0.0, 1.0, 0.1, 0.0, 0.0, 0.9, 1.0000000000000002, 0.0, 0.0, 0.0, 0.0, 1.0, 0.7000000000000001, 1.0, 1.0, 0.0, 1.0, 0.0, 0.0, 1.0, 0.0, 0.0, 0.0, 0.0, 1.0, 0.0, 1.0, 0.0, 0.0, 1.0, 1.0, 1.0, 0.0, 1.0000000000000002, 0.0, 0.0, 0.0, 0.0, 0.0, 0.0, 0.0, 0.0, 1.0, 1.0, 0.0, 1.0, 0.0, 0.0, 0.0, 0.0, 1.0, 0.0, 0.0, 0.0, 1.0, 0.0, 1.0000000000000002, 0.4, 0.0, 1.0, 0.0, 1.0, 0.0, 1.0000000000000002, 0.0, 1.0, 0.0, 1.0, 1.0, 1.0000000000000002, 0.0, 0.0, 0.4, 1.0, 0.0, 0.0, 0.0, 0.0, 1.0000000000000002, 0.0, 0.5, 1.0000000000000002, 0.0, 0.0, 0.0, 1.0, 0.0, 0.2, 0.1, 1.0000000000000002, 0.0, 1.0, 0.0, 1.0, 0.0, 0.0, 0.0, 1.0, 1.0, 1.0, 0.0, 1.0, 0.0, 0.0, 1.0, 0.0, 1.0000000000000002, 0.0, 0.0, 1.0, 0.0, 0.0, 0.4, 0.0, 0.30000000000000004, 1.0000000000000002, 0.0, 0.0, 1.0, 1.0, 0.0, 0.0, 0.0, 0.0, 0.0, 0.0, 1.0, 0.1, 0.0, 1.0000000000000002, 0.0, 0.0, 0.0, 0.0, 0.0, 1.0, 0.0, 0.0, 0.1, 1.0, 0.9999999999999999, 0.0, 1.0, 1.0, 0.0, 0.0, 1.0, 0.0, 0.0, 0.2, 0.6, 0.0, 1.0, 1.0, 0.0, 1.0000000000000002, 1.0, 1.0000000000000002, 0.30000000000000004, 0.0, 1.0, 0.0, 