{"dataset_name": "youtube", "noise_ratio": 0.16014234875444844, "coverage": 1.0, "noisy_class_distribution": [0.4679715302491103, 0.5320284697508897], "class_distribution": [0.4750889679715303, 0.5249110320284698], "accuracy": 0.86, "balanced_accuracy": 0.8557, "log_loss": 0.2944, "ranking_quality": [0.6888, 0.9878], "detector_name": "klm_consensus", "handler_name": "filter", "fitting_time": 644.5170591650531, "params": {"splitter__threshold": 0.2, "detector__base_model__sgd__alpha": 0.0016612513202554642, "detector__base_model__sgd__eta0": 0.001127717165037672, "estimator__learning_rate": 0.019927225535302417, "estimator__reg_lambda": 71.80758270189659}, "commit": "de771b8902cbef0a7f283781242ac4853f192fcf", "hostname": "r-marcel-c3-liqid-02", "trust_scores": [1.0, 1.0, 0.0, 0.0, 0.0, 0.0, 1.0, 1.0, 1.0, 1.0, 0.5, 1.0, 1.0, 1.0, 0.0, 1.0, 0.1, 1.0, 0.0, 0.1, 0.9999999999999999, 1.0, 0.9, 1.0, 1.0000000000000002, 0.30000000000000004, 1.0, 0.0, 1.0, 1.0, 0.0, 1.0, 0.0, 1.0, 1.0, 1.0, 0.0, 1.0, 0.0, 1.0, 1.0, 1.0000000000000002, 1.0, 1.0, 0.0, 1.0, 1.0, 1.0, 1.0, 0.0, 1.0, 1.0, 1.0, 0.0, 1.0, 0.0, 0.0, 0.0, 1.0, 1.0, 0.0, 1.0, 1.0, 0.0, 0.0, 1.0, 1.0000000000000002, 1.0, 1.0, 0.0, 1.0, 0.0, 1.0, 1.0, 1.0, 1.0, 1.0, 1.0, 0.0, 1.0, 1.0000000000000002, 1.0, 1.0, 1.0, 1.0, 1.0, 1.0, 0.0, 1.0, 1.0000000000000002, 0.0, 1.0, 1.0000000000000002, 1.0, 1.0, 1.0, 1.0, 1.0, 0.0, 0.8, 0.9000000000000001, 1.0, 0.0, 1.0, 0.0, 0.9999999999999999, 0.0, 1.0, 0.7000000000000001, 1.0, 1.0, 1.0, 0.0, 1.0, 0.0, 1.0, 0.9, 0.0, 0.0, 1.0, 0.30000000000000004, 0.0, 0.0, 1.0000000000000002, 1.0, 1.0, 1.0, 1.0000000000000002, 1.0, 1.0, 1.0, 1.0, 1.0, 0.0, 0.0, 1.0, 0.0, 1.0, 0.7000000000000001, 1.0000000000000002, 1.0, 1.0, 0.0, 0.0, 1.0, 1.0, 0.0, 0.0, 0.0, 0.7999999999999999, 0.0, 0.0, 1.0, 1.0, 1.0, 0.1, 1.0, 1.0, 1.0, 0.0, 1.0, 1.0000000000000002, 1.0, 0.7999999999999999, 1.0, 0.0, 0.0, 0.0, 1.0, 1.0, 1.0, 1.0000000000000002, 1.0, 0.0, 1.0, 1.0, 0.1, 0.0, 0.0, 1.0, 1.0, 0.5, 0.0, 1.0, 1.0, 1.0, 0.8, 0.0, 1.0, 1.0, 0.0, 0.0, 1.0, 0.8, 0.0, 1.0, 0.0, 1.0, 0.30000000000000004, 0.0, 1.0, 1.0, 0.6000000000000001, 1.0000000000000002, 0.4, 1.0, 0.9, 1.0, 1.0, 1.0, 1.0, 1.0, 1.0, 0.0, 1.0, 0.0, 0.0, 1.0, 1.0, 0.0, 0.6000000000000001, 0.0, 0.0, 0.0, 1.0, 1.0000000000000002, 1.0, 0.7, 1.0, 0.0, 1.0, 1.0, 0.0, 1.0, 1.0000000000000002, 1.0, 0.0, 0.0, 1.0, 1.0000000000000002, 1.0, 0.8, 1.0, 0.6000000000000001, 0.0, 1.0, 0.0, 1.0, 1.0, 0.0, 0.0, 0.0, 1.0, 0.0, 0.0, 1.0000000000000002, 1.0000000000000002, 1.0, 1.0, 0.0, 0.0, 1.0, 1.0, 1.0, 0.1, 1.0, 1.0, 1.0, 1.0, 0.0, 1.0, 1.0, 1.0, 1.0, 0.0, 1.0000000000000002, 1.0, 0.0, 0.2, 1.0, 0.2, 0.9000000000000001, 1.0, 0.1, 1.0, 1.0, 1.0, 1.0, 0.0, 1.0, 1.0, 1.0000000000000002, 1.0, 1.0, 0.0, 0.0, 1.0000000000000002, 1.0, 0.1, 1.0000000000000002, 1.0, 1.0, 0.2, 1.0000000000000002, 0.2, 0.9999999999999999, 0.1, 0.9999999999999999, 1.0, 1.0, 1.0, 0.0, 1.0, 0.0, 1.0, 0.0, 0.0, 0.0, 1.0000000000000002, 0.0, 1.0, 1.0, 1.0, 1.0, 1.0, 1.0, 1.0000000000000002, 1.0, 0.0, 0.0, 0.0, 0.0, 1.0000000000000002, 1.0, 1.0, 0.0, 1.0, 1.0, 1.0000000000000002, 1.0, 0.4, 0.8, 1.0, 0.0, 0.0, 1.0, 1.0, 0.9, 1.0, 0.0, 1.0, 0.0, 0.0, 1.0, 1.0, 0.0, 1.0, 1.0, 1.0, 0.0, 0.0, 0.9000000000000001, 0.0, 1.0, 1.0, 1.0000000000000002, 1.0, 0.0, 0.0, 0.0, 0.0, 0.0, 0.30000000000000004, 1.0, 0.0, 1.0000000000000002, 1.0, 0.0, 1.0, 1.0, 0.8, 0.0, 1.0000000000000002, 0.0, 0.0, 1.0, 0.5, 1.0000000000000002, 1.0, 1.0, 1.0, 1.0, 1.0, 1.0000000000000002, 1.0000000000000002, 1.0, 0.9999999999999999, 1.0, 0.0, 1.0000000000000002, 0.4, 1.0, 1.0, 1.0, 1.0, 0.0, 1.0, 0.4, 1.0, 1.0, 0.0, 0.0, 0.1, 0.0, 0.5, 1.0, 0.6000000000000001, 0.0, 1.0, 1.0, 0.0, 0.0, 1.0, 0.0, 1.0, 0.0, 0.0, 1.0, 1.0, 1.0, 1.0000000000000002, 0.9999999999999999, 1.0, 1.0, 1.0, 1.0000000000000002, 0.0, 0.30000000000000004, 1.0, 0.0, 1.0, 0.0, 1.0, 0.0, 1.0, 1.0000000000000002, 1.0, 1.0, 0.6000000000000001, 1.0, 0.5, 1.0, 0.0, 0.0, 1.0, 1.0, 1.0, 1.0000000000000002, 1.0, 1.0, 0.7999999999999999, 1.0, 0.8, 1.0, 1.0, 0.6, 0.0, 0.0, 1.0, 1.0, 1.0, 1.0, 1.0, 1.0, 1.0, 1.0, 1.0, 1.0000000000000002, 1.0000000000000002, 1.0, 1.0, 1.0, 0.5, 1.0, 1.0, 0.9, 1.0000000000000002, 1.0, 1.0, 1.0, 0.0, 1.0000000000000002, 0.0, 0.0, 0.0, 0.0, 1.0000000000000002, 0.30000000000000004, 0.0, 0.5, 0.0, 0.0, 1.0000000000000002, 1.0, 1.0, 0.30000000000000004, 0.9, 1.0, 1.0, 0.0, 1.0, 1.0, 0.0, 1.0, 1.0, 1.0, 1.0, 1.0, 1.0, 1.0, 1.0000000000000002, 1.0, 1.0, 1.0, 0.0, 0.0, 0.0, 0.0, 0.0, 1.0, 0.0, 1.0, 0.6, 1.0, 1.0, 1.0, 1.0, 0.8, 1.0, 1.0, 1.0, 0.9, 1.0, 0.0, 1.0000000000000002, 1.0, 1.0, 0.6000000000000001, 0.0, 0.0, 0.9, 1.0, 1.0, 1.0, 1.0, 1.0, 1.0, 1.0, 1.0000000000000002, 1.0, 0.0, 1.0, 1.0, 0.0, 0.2, 0.1, 0.6, 0.0, 1.0, 0.0, 1.0000000000000002, 0.0, 0.0, 1.0, 1.0000000000000002, 1.0000000000000002, 1.0, 1.0, 1.0, 0.0, 0.0, 0.5, 1.0000000000000002, 1.0, 1.0, 0.1, 1.0000000000000002, 0.0, 1.0, 1.0000000000000002, 1.0, 1.0000000000000002, 0.0, 1.0, 1.0, 0.8, 0.0, 1.0, 1.0000000000000002, 0.0, 0.0, 0.0, 0.0, 1.0, 0.0, 0.0, 1.0, 0.0, 0.0, 1.0, 1.0, 0.0, 0.0, 0.0, 0.0, 0.0, 1.0, 1.0, 1.0, 1.0000000000000002, 0.0, 1.0, 0.0, 1.0, 1.0, 1.0, 0.0, 0.0, 0.0, 1.0, 1.0, 1.0, 0.0, 1.0, 0.0, 0.0, 1.0000000000000002, 1.0, 1.0, 1.0, 0.0, 0.0, 1.0000000000000002, 0.0, 1.0, 0.0, 1.0, 1.0, 1.0, 1.0, 0.0, 0.0, 0.8, 0.0, 1.0000000000000002, 1.0000000000000002, 0.1, 0.1, 0.0, 1.0, 1.0, 1.0, 0.0, 1.0, 1.0, 1.0, 1.0, 1.0, 1.0, 0.0, 1.0, 1.0, 1.0, 1.0, 1.0000000000000002, 1.0, 0.7000000000000001, 1.0, 0.0, 1.0, 1.0000000000000002, 1.0, 0.7999999999999999, 1.0, 1.0, 0.4, 1.0, 1.0, 0.0, 0.0, 0.0, 0.1, 0.0, 1.0, 1.0000000000000002, 1.0, 1.0, 1.0, 0.9000000000000001, 1.0, 0.0, 1.0, 0.4, 0.0, 1.0, 1.0, 1.0000000000000002, 1.0, 1.0, 1.0, 0.9, 0.9, 1.0, 1.0, 1.0000000000000002, 1.0, 1.0, 1.0, 0.9999999999999999, 0.0, 0.5, 1.0, 1.0, 1.0, 1.0, 1.0000000000000002, 0.8, 0.0, 1.0, 1.0, 1.0, 1.0, 1.0, 0.9999999999999999, 1.0, 0.30000000000000004, 1.0, 0.1, 0.0, 0.0, 0.0, 0.0, 1.0, 0.0, 0.0, 1.0, 1.0, 1.0, 1.0, 1.0, 1.0, 0.0, 1.0, 1.0, 1.0, 1.0, 1.0, 0.5, 0.5, 1.0, 1.0000000000000002, 1.0, 1.0000000000000002, 0.0, 0.0, 0.0, 1.0, 1.0, 0.30000000000000004, 1.0, 0.0, 0.1, 1.0, 0.0, 1.0, 0.7000000000000001, 0.0, 1.0, 1.0, 1.0, 0.0, 0.0, 1.0, 1.0, 0.8, 1.0, 1.0, 1.0, 0.0, 0.0, 0.8, 1.0, 1.0, 1.0, 1.0, 1.0, 0.0, 1.0, 1.0, 0.0, 1.0000000000000002, 1.0, 1.0, 1.0, 1.0000000000000002, 0.0, 1.0, 0.6, 1.0, 1.0, 1.0, 0.0, 1.0, 0.2, 1.0, 1.0, 1.0000000000000002, 1.0, 1.0, 1.0, 1.0000000000000002, 0.1, 1.0, 1.0, 1.0, 1.0000000000000002, 1.0, 0.5, 0.1, 1.0, 1.0, 1.0, 1.0, 0.0, 1.0, 1.0, 0.0, 1.0, 1.0000000000000002, 1.0, 1.0, 0.30000000000000004, 0.9, 1.0, 1.0, 0.0, 0.0, 0.0, 1.0000000000000002, 1.0, 1.0, 1.0, 1.0, 0.0, 1.0, 1.0, 1.0000000000000002, 1.0000000000000002, 0.0, 0.30000000000000004, 1.0, 1.0, 1.0, 1.0, 1.0, 0.0, 0.0, 1.0, 0.0, 0.0, 0.9999999999999999, 1.0, 1.0, 1.0000000000000002, 1.0, 0.0, 1.0, 0.0, 1.0, 0.2, 0.0, 1.0, 1.0, 1.0000000000000002, 1.0, 1.0, 1.0, 1.0, 1.0, 1.0, 0.9000000000000001, 1.0, 1.0, 1.0, 1.0, 1.0, 0.9000000000000001, 0.2, 0.0, 0.0, 1.0, 1.0000000000000002, 0.0, 0.0, 1.0, 1.0, 0.5, 0.9, 1.0, 0.0, 1.0, 1.0, 0.0, 1.0, 1.0, 1.0, 1.0, 1.0, 0.9999999999999999, 1.0000000000000002, 1.0, 1.0, 0.0, 1.0, 1.0, 1.0000000000000002, 0.0, 1.0, 0.4, 1.0, 0.0, 1.0000000000000002, 0.2, 1.0, 1.0, 1.0, 0.0, 1.0, 1.0, 0.9999999999999999, 0.0, 0.0, 0.8, 0.0, 0.4, 1.0, 1.0000000000000002, 0.7999999999999999, 1.0, 1.0, 1.0, 1.0000000000000002, 1.0, 1.0, 0.0, 0.0, 1.0000000000000002, 1.0, 1.0, 1.0, 0.0, 0.5, 1.0, 0.0, 1.0, 0.0, 1.0, 1.0, 0.0, 1.0, 1.0, 1.0, 1.0000000000000002, 1.0, 0.0, 1.0, 1.0000000000000002, 0.0, 1.0, 1.0, 0.0, 0.0, 0.0, 1.0000000000000002, 0.0, 1.0, 1.0, 0.0, 1.0, 1.0, 0.5, 1.0, 1.0, 1.0, 1.0, 1.0, 1.0, 1.0000000000000002, 1.0000000000000002, 1.0000000000000002, 1.0, 0.0, 1.0, 1.0, 1.0, 1.0, 0.0, 0.9, 0.9, 1.0, 1.0, 1.0, 0.0, 1.0, 0.0, 0.0, 1.0000000000000002, 0.0, 0.0, 1.0, 0.9999999999999999, 1.0, 1.0, 1.0, 0.1, 0.30000000000000004, 0.0, 0.0, 1.0, 0.0, 0.0, 1.0, 