{"dataset_name": "hausa", "noise_ratio": 0.2621026894865526, "noisy_class_distribution": [0.16283618581907092, 0.1980440097799511, 0.22591687041564792, 0.16772616136919316, 0.24547677261613693], "class_distribution": [0.15403422982885084, 0.21222493887530564, 0.219559902200489, 0.1388753056234719, 0.27530562347188264], "accuracy": 0.744, "balanced_accuracy": 0.7179, "log_loss": 0.8036, "ranking_quality": [0.772, 0.9422, 0.9209, 0.8453, 0.9258], "detector_name": "klm_consensus", "handler_name": "filter", "fitting_time": 12.524236847646534, "params": {"detector__base_model__sgd__alpha": 0.0001, "detector__base_model__sgd__eta0": 0.1, "estimator__sgd__alpha": 0.0001, "estimator__sgd__eta0": 0.1, "splitter__threshold": 0.2}, "commit": "a09866f5ec62619c142b1f84a18bf8a420118b9d", "hostname": "r-marcel-c3-8440-02", "trust_scores": [1.0, 0.9999999999999999, 0.0, 1.0, 0.9, 0.0, 0.0, 1.0000000000000002, 1.0, 0.8, 0.0, 0.7999999999999999, 0.9, 0.6000000000000001, 0.0, 0.8, 0.5, 0.7000000000000001, 1.0, 0.0, 1.0, 0.4, 1.0000000000000002, 1.0, 0.0, 0.0, 0.0, 0.0, 0.0, 0.7000000000000001, 0.0, 0.7, 0.0, 0.9000000000000001, 0.4, 0.5, 1.0, 1.0, 0.0, 0.0, 0.0, 1.0000000000000002, 0.0, 1.0, 0.0, 1.0, 1.0, 0.5, 1.0, 0.2, 0.0, 1.0, 0.0, 0.9, 1.0, 0.2, 1.0, 0.0, 0.0, 0.5, 0.0, 0.9, 0.7000000000000001, 0.9, 0.0, 1.0, 1.0, 1.0, 0.2, 0.0, 0.0, 1.0, 0.0, 1.0, 0.8, 0.7999999999999999, 0.0, 0.9, 0.1, 0.0, 1.0, 0.0, 0.9, 1.0000000000000002, 1.0, 0.8, 0.0, 1.0000000000000002, 1.0, 1.0, 0.0, 0.4, 1.0000000000000002, 0.1, 1.0, 0.0, 1.0, 0.6000000000000001, 0.4, 0.8, 0.1, 1.0, 0.2, 0.8, 0.0, 0.1, 0.0, 0.0, 1.0, 0.0, 0.1, 0.0, 0.0, 1.0, 0.0, 1.0, 1.0, 0.0, 0.0, 0.0, 0.0, 0.0, 0.0, 0.9, 0.30000000000000004, 0.0, 1.0, 0.2, 1.0, 1.0000000000000002, 0.0, 0.30000000000000004, 0.7, 0.0, 0.1, 0.7, 1.0000000000000002, 0.9, 0.0, 0.9999999999999999, 1.0, 1.0, 0.0, 0.2, 0.0, 0.2, 0.2, 0.9, 0.0, 0.0, 1.0, 1.0, 0.0, 0.0, 1.0, 1.0, 0.0, 1.0, 0.0, 1.0000000000000002, 0.0, 1.0, 1.0, 1.0, 1.0, 0.8, 0.0, 1.0, 0.0, 0.9999999999999999, 1.0, 0.0, 1.0, 1.0, 1.0, 0.5, 0.2, 0.0, 1.0, 1.0, 1.0, 0.0, 1.0, 0.0, 0.0, 0.4, 0.1, 0.0, 0.7, 1.0, 1.0000000000000002, 0.0, 1.0, 1.0, 0.0, 1.0, 0.0, 0.0, 0.5, 0.0, 0.5, 0.8, 0.7, 1.0, 0.9, 1.0000000000000002, 0.1, 1.0, 0.0, 0.0, 1.0000000000000002, 1.0, 0.0, 1.0, 1.0, 0.0, 0.0, 0.0, 0.1, 0.0, 1.0, 1.0000000000000002, 1.0, 1.0, 1.0, 1.0000000000000002, 0.1, 0.0, 0.0, 0.0, 0.7000000000000001, 1.0, 0.0, 0.1, 1.0, 1.0, 0.0, 1.0, 0.8, 0.0, 1.0, 0.0, 1.0000000000000002, 0.7, 0.9, 1.0000000000000002, 0.0, 0.0, 1.0, 0.0, 0.0, 0.0, 1.0, 0.0, 0.0, 1.0, 1.0, 0.9, 1.0000000000000002, 0.9999999999999999, 1.0, 1.0, 1.0000000000000002, 1.0000000000000002, 0.0, 0.9, 0.30000000000000004, 1.0, 1.0, 0.8, 1.0, 1.0, 0.9, 1.0000000000000002, 1.0000000000000002, 1.0, 0.0, 0.0, 0.0, 1.0, 0.7, 0.0, 0.0, 0.30000000000000004, 0.0, 0.0, 1.0, 1.0000000000000002, 1.0, 0.30000000000000004, 0.0, 0.9, 1.0, 0.9, 1.0, 0.0, 0.9, 0.0, 1.0, 0.0, 0.2, 0.0, 1.0, 1.0, 0.0, 1.0, 1.0, 1.0, 1.0, 1.0, 0.0, 0.0, 0.4, 1.0, 0.0, 0.8, 0.9, 0.8, 1.0, 0.30000000000000004, 1.0, 1.0, 0.0, 0.0, 0.1, 1.0, 1.0, 0.8, 0.4, 0.0, 0.0, 1.0000000000000002, 1.0, 0.9, 0.7000000000000001, 0.0, 1.0, 0.7000000000000001, 0.0, 1.0, 1.0, 0.0, 1.0, 1.0, 0.0, 0.8, 0.9000000000000001, 1.0, 1.0, 0.0, 0.7999999999999999, 1.0000000000000002, 0.0, 1.0, 1.0, 0.0, 1.0000000000000002, 0.0, 1.0000000000000002, 0.0, 0.2, 0.0, 1.0, 0.9999999999999999, 0.7000000000000001, 1.0, 0.0, 0.2, 0.9, 0.0, 1.0000000000000002, 0.0, 0.0, 0.9000000000000001, 0.0, 0.0, 0.0, 0.5, 1.0, 1.0, 0.8, 1.0, 0.0, 1.0, 1.0000000000000002, 1.0, 0.5, 1.0, 0.0, 1.0, 0.0, 0.1, 0.9, 0.0, 1.0, 0.1, 1.0, 0.5, 1.0, 0.8, 0.0, 1.0, 0.0, 0.0, 1.0, 1.0, 0.0, 0.4, 0.9999999999999999, 0.9, 0.0, 1.0, 1.0, 0.1, 0.0, 0.2, 1.0000000000000002, 0.9, 0.0, 1.0, 0.30000000000000004, 0.0, 0.0, 0.0, 1.0, 0.0, 0.0, 0.30000000000000004, 1.0, 0.7000000000000001, 0.0, 1.0, 0.5, 0.9, 1.0000000000000002, 0.0, 0.0, 0.0, 0.30000000000000004, 0.0, 1.0, 0.0, 1.0, 0.0, 0.0, 0.0, 1.0, 0.0, 0.0, 0.0, 1.0, 0.9, 0.0, 0.30000000000000004, 0.8, 0.5, 0.0, 0.4, 0.2, 1.0, 0.0, 1.0, 1.0, 0.1, 0.0, 0.0, 1.0, 1.0, 0.8, 0.1, 0.0, 0.8, 1.0, 0.7000000000000001, 0.0, 0.0, 1.0, 0.0, 0.0, 0.7, 0.0, 0.0, 1.0, 0.1, 0.0, 1.0, 1.0, 0.0, 1.0, 0.4, 0.4, 1.0, 1.0, 0.2, 1.0000000000000002, 0.0, 0.0, 0.0, 0.0, 0.0, 0.0, 0.0, 0.9, 0.0, 1.0, 1.0000000000000002, 1.0, 0.9000000000000001, 0.30000000000000004, 0.9, 1.0, 1.0, 0.0, 0.0, 1.0000000000000002, 0.0, 1.0, 0.0, 0.0, 1.0, 1.0, 1.0000000000000002, 0.0, 1.0, 1.0, 0.0, 0.0, 0.0, 0.1, 1.0, 0.0, 0.0, 0.0, 0.0, 1.0, 1.0, 0.0, 0.0, 0.0, 0.6000000000000001, 0.1, 1.0, 1.0, 0.9, 0.0, 0.0, 1.0000000000000002, 1.0, 0.0, 0.0, 0.8, 1.0000000000000002, 1.0000000000000002, 0.9, 0.4, 1.0, 1.0, 1.0, 1.0, 0.1, 0.0, 1.0, 0.7999999999999999, 0.0, 1.0, 0.5, 0.9, 0.0, 0.2, 0.0, 1.0, 0.0, 1.0, 1.0, 0.9000000000000001, 0.1, 1.0000000000000002, 0.0, 0.30000000000000004, 0.0, 1.0, 0.1, 1.0, 0.30000000000000004, 1.0, 0.9, 1.0, 0.9000000000000001, 1.0, 0.7999999999999999, 1.0, 0.0, 1.0, 0.0, 0.0, 0.0, 1.0, 1.0, 0.0, 0.1, 0.2, 1.0, 0.0, 0.8, 0.6000000000000001, 0.4, 1.0, 1.0, 0.0, 0.0, 0.8, 0.0, 1.0, 1.0, 1.0, 0.0, 0.0, 0.0, 1.0, 1.0, 0.9, 1.0, 0.0, 1.0, 1.0, 1.0, 0.4, 1.0, 1.0, 0.0, 1.0, 0.0, 0.0, 1.0, 1.0, 0.7000000000000001, 0.0, 0.0, 0.5, 1.0, 0.9, 1.0, 0.0, 0.30000000000000004, 0.0, 0.0, 0.1, 0.0, 1.0, 0.30000000000000004, 1.0, 0.0, 0.9, 0.0, 0.8, 0.4, 1.0, 0.0, 0.0, 0.0, 0.5, 1.0, 1.0000000000000002, 0.0, 1.0, 1.0, 1.0, 0.0, 0.0, 0.0, 0.0, 0.9, 1.0, 1.0, 0.9, 0.0, 0.0, 0.0, 0.0, 0.0, 1.0, 0.0, 1.0, 1.0, 1.0, 1.0, 0.9000000000000001, 1.0, 1.0, 1.0000000000000002, 0.0, 1.0000000000000002, 1.0, 0.0, 0.7000000000000001, 0.9, 0.8, 0.1, 1.0000000000000002, 1.0, 0.0, 1.0, 0.8, 0.0, 1.0, 1.0, 0.7000000000000001, 1.0, 1.0, 0.0, 1.0, 0.8, 1.0, 0.1, 1.0, 1.0, 1.0, 0.9000000000000001, 0.6000000000000001, 0.0, 1.0000000000000002, 0.0, 0.5, 0.30000000000000004, 1.0, 0.0, 1.0, 0.0, 0.8, 0.0, 1.0000000000000002, 0.30000000000000004, 0.0, 0.9999999999999999, 0.6000000000000001, 1.0, 0.4, 0.8, 0.0, 0.0, 0.2, 0.0, 0.8, 0.0, 0.0, 0.0, 0.8, 0.9, 0.0, 1.0, 0.0, 0.9, 1.0, 0.0, 1.0, 1.0, 1.0, 1.0, 1.0, 1.0, 0.0, 0.0, 1.0000000000000002, 0.0, 0.7000000000000001, 0.1, 0.0, 0.8, 1.0, 1.0, 0.8, 1.0, 0.9, 1.0, 0.6000000000000001, 0.0, 1.0, 0.0, 1.0, 1.0, 1.0, 0.0, 1.0, 0.0, 1.0, 1.0, 0.0, 1.0, 0.7000000000000001, 1.0, 1.0, 0.7000000000000001, 1.0, 0.4, 1.0, 1.0, 1.0000000000000002, 0.0, 1.0, 0.0, 0.0, 1.0, 0.7, 0.0, 0.7, 0.0, 1.0, 1.0000000000000002, 0.8, 0.0, 0.1, 0.1, 0.1, 0.9000000000000001, 1.0, 0.1, 1.0, 0.2, 1.0, 0.0, 0.2, 1.0, 1.0000000000000002, 0.6000000000000001, 1.0, 0.7000000000000001, 0.0, 0.0, 1.0000000000000002, 1.0, 1.0, 0.7000000000000001, 0.7000000000000001, 1.0, 1.0, 0.0, 0.0, 0.0, 1.0, 1.0, 0.4, 1.0000000000000002, 0.9, 0.0, 1.0, 1.0, 1.0, 0.0, 1.0, 0.0, 1.0, 1.0, 1.0, 1.0, 0.9, 1.0, 0.0, 1.0, 1.0000000000000002, 0.0, 0.8, 1.0, 0.7000000000000001, 0.4, 0.7000000000000001, 0.0, 0.0, 0.0, 0.0, 0.0, 0.7000000000000001, 0.30000000000000004, 0.5, 0.0, 1.0, 0.0, 1.0, 0.0, 1.0, 1.0, 0.1, 0.30000000000000004, 1.0, 1.0, 0.0, 0.6, 0.0, 0.0, 1.0000000000000002, 1.0, 0.0, 1.0000000000000002, 1.0, 0.9000000000000001, 0.0, 1.0, 0.7000000000000001, 0.4, 1.0, 1.0, 0.9, 0.0, 0.0, 0.4, 1.0, 0.7, 0.0, 0.0, 0.4, 0.0, 0.1, 0.9, 1.0, 0.0, 0.7999999999999999, 1.0, 0.5, 0.0, 1.0, 1.0000000000000002, 0.0, 0.0, 0.2, 1.0, 0.7000000000000001, 0.0, 1.0, 1.0, 0.0, 0.8, 0.0, 1.0000000000000002, 0.0, 1.0, 0.0, 0.0, 0.0, 0.8, 1.0, 1.0, 0.0, 0.6000000000000001, 1.0, 0.8, 1.0, 1.0, 0.0, 1.0, 0.0, 0.0, 0.2, 1.0, 1.0, 1.0, 0.0, 1.0, 1.0, 1.0000000000000002, 0.7000000000000001, 0.4, 0.0, 0.0, 0.2, 0.4, 0.0, 0.0, 1.0, 0.7000000000000001, 0.0, 1.0, 0.7000000000000001, 0.0, 1.0, 0.1, 0.9000000000000001, 0.8, 0.1, 0.7999999999999999, 0.0, 0.8, 0.5, 0.0, 1.0, 1.0, 1.0000000000000002, 1.0, 0.30000000000000004, 0.0, 0.0, 0.0, 0.0, 0.7999999999999999, 1.0, 1.0, 1.0, 0.30000000000000004, 1.0, 1.0, 0.0, 0.9, 1.0, 0.0, 1.0, 0.0, 0.9, 0.0, 0.4, 1.0, 0.0, 0.9, 1.0, 