{"dataset_name": "agnews", "noise_ratio": 0.1852399191724221, "coverage": 0.6907708333333333, "noisy_class_distribution": [0.259884790541967, 0.27387881895225746, 0.26985251982990016, 0.19638387067587537], "class_distribution": [0.2518125, 0.24691666666666667, 0.2475, 0.25377083333333333], "accuracy": 0.5986, "balanced_accuracy": 0.5969, "log_loss": 1.0585, "ranking_quality": [0.0, 0.0, 0.0, 0.0], "detector_name": "wood", "handler_name": "filter", "fitting_time": 56.22694611735642, "params": {"sgd__alpha": 2.7164667151257845e-05, "sgd__eta0": 0.027621301474265596}, "commit": "87401ba1c2902fa3f83590d5e5b7e2debbd6f13d", "hostname": "r-marcel-c3-8440-02"}