{"dataset_name": "census", "noise_ratio": 0.19459729864932462, "coverage": 0.9912724387583061, "noisy_class_distribution": [0.936168084042021, 0.06383191595797899], "class_distribution": [0.7633640781513439, 0.23663592184865614], "accuracy": 0.7899, "balanced_accuracy": 0.5669, "log_loss": 0.6996, "ranking_quality": [0.0, 0.0], "detector_name": "wood", "handler_name": "filter", "fitting_time": 0.46882839407771826, "params": {"sgd__alpha": 8.412291594705843e-05, "sgd__eta0": 0.0021947623220520238}, "commit": "87401ba1c2902fa3f83590d5e5b7e2debbd6f13d", "hostname": "r-marcel-c3-8440-02"}