{"dataset_name": "cifar10", "noise_ratio": 0.08811999999999998, "coverage": 1.0, "noisy_class_distribution": [0.0985, 0.10788, 0.10342, 0.09314, 0.09002, 0.10604, 0.0981, 0.1052, 0.10084, 0.09686], "class_distribution": [0.1, 0.1, 0.1, 0.1, 0.1, 0.1, 0.1, 0.1, 0.1, 0.1], "accuracy": 0.4364, "balanced_accuracy": 0.4364, "log_loss": 1.6216, "ranking_quality": [0.0, 0.0, 0.0, 0.0, 0.0, 0.0, 0.0, 0.0, 0.0, 0.0], "detector_name": "wood", "handler_name": "filter", "fitting_time": 40.549998494796455, "params": {"sgd__alpha": 1.7629769798519122e-05, "sgd__eta0": 0.07916524238117859}, "commit": "87401ba1c2902fa3f83590d5e5b7e2debbd6f13d", "hostname": "r-marcel-c3-8440-02"}