{"dataset_name": "commercial", "noise_ratio": 0.09688133478871042, "coverage": 1.0, "noisy_class_distribution": [0.6828161546857945, 0.3171838453142055], "class_distribution": [0.7179167316388586, 0.28208326836114145], "accuracy": 0.9061, "balanced_accuracy": 0.8854, "log_loss": 0.2642, "ranking_quality": [0.0, 0.0], "detector_name": "wood", "handler_name": "filter", "fitting_time": 40.93056890182197, "params": {"sgd__alpha": 0.00014756839571321683, "sgd__eta0": 0.001296266895381071}, "commit": "87401ba1c2902fa3f83590d5e5b7e2debbd6f13d", "hostname": "r-marcel-c3-8440-02"}