{"dataset_name": "mushroom", "noise_ratio": 0.13238697731831506, "coverage": 0.9972303431297123, "noisy_class_distribution": [0.4917451010646505, 0.5082548989353495], "class_distribution": [0.5122326511771041, 0.48776734882289585], "accuracy": 0.8708, "balanced_accuracy": 0.8721, "log_loss": 0.4018, "ranking_quality": [0.0, 0.0], "detector_name": "wood", "handler_name": "filter", "fitting_time": 0.218701240606606, "params": {"sgd__alpha": 0.0006374793104217067, "sgd__eta0": 0.0010675136769480139}, "commit": "87401ba1c2902fa3f83590d5e5b7e2debbd6f13d", "hostname": "r-marcel-c3-8440-02"}