{"dataset_name": "professor_teacher", "noise_ratio": 0.17864311521477316, "coverage": 0.8104766552789979, "noisy_class_distribution": [0.508329987956644, 0.4916700120433561], "class_distribution": [0.49536359199609564, 0.5046364080039043], "accuracy": 0.7751, "balanced_accuracy": 0.7736, "log_loss": 0.4683, "ranking_quality": [0.0, 0.0], "detector_name": "wood", "handler_name": "filter", "fitting_time": 0.5548135573044419, "params": {"sgd__alpha": 1.19088718801411e-05, "sgd__eta0": 0.0024176322350069244}, "commit": "87401ba1c2902fa3f83590d5e5b7e2debbd6f13d", "hostname": "r-marcel-c3-8440-02"}