{"dataset_name": "census", "noise_ratio": 0.19459729864932462, "coverage": 0.9912724387583061, "noisy_class_distribution": [0.936168084042021, 0.06383191595797899], "class_distribution": [0.7633640781513439, 0.23663592184865614], "accuracy": 0.791, "balanced_accuracy": 0.568, "log_loss": 0.7055, "ranking_quality": [0.0, 0.0], "detector_name": "wood", "handler_name": "filter", "fitting_time": 19.323341814801097, "params": {"learning_rate": 0.004437560081870527}, "commit": "6299e72666b77eb6542caf562ba7bde2b353704c", "hostname": "r-marcel-c3-8440-01"}