{"dataset_name": "hausa", "noise_ratio": 0.49550000000000005, "coverage": 0.9779951100244498, "noisy_class_distribution": [0.0705, 0.0825, 0.0875, 0.101, 0.6585], "class_distribution": [0.15403422982885084, 0.21222493887530564, 0.219559902200489, 0.1388753056234719, 0.27530562347188264], "accuracy": 0.4089, "balanced_accuracy": 0.3488, "log_loss": 1.734, "ranking_quality": [0.0, 0.0, 0.0, 0.0, 0.0], "detector_name": "wood", "handler_name": "filter", "fitting_time": 21.834108166396618, "params": {"learning_rate": 0.002166821287384802}, "commit": "6299e72666b77eb6542caf562ba7bde2b353704c", "hostname": "r-marcel-c3-8440-01"}