{"dataset_name": "imdb", "noise_ratio": 0.26348843848130177, "coverage": 0.87575, "noisy_class_distribution": [0.4344847273765344, 0.5655152726234656], "class_distribution": [0.5, 0.5], "accuracy": 0.6932, "balanced_accuracy": 0.6932, "log_loss": 0.604, "ranking_quality": [0.0, 0.0], "detector_name": "wood", "handler_name": "filter", "fitting_time": 79.54383538663387, "params": {"learning_rate": 0.0025247783211030466}, "commit": "6299e72666b77eb6542caf562ba7bde2b353704c", "hostname": "r-marcel-c3-8440-01"}