{"dataset_name": "bioresponse", "noise_ratio": 0.15066666666666662, "coverage": 1.0, "noisy_class_distribution": [0.4613333333333333, 0.5386666666666666], "class_distribution": [0.4533333333333333, 0.5466666666666666], "accuracy": 0.7606, "balanced_accuracy": 0.762, "log_loss": 0.5495, "ranking_quality": [0.0, 0.0], "detector_name": "none", "handler_name": "filter", "fitting_time": 58.45502047147602, "params": {"learning_rate": 0.03490572524027107, "reg_lambda": 30.040072219462168}, "commit": "de771b8902cbef0a7f283781242ac4853f192fcf", "hostname": "r-marcel-c3-liqid-02"}