{"dataset_name": "census", "noise_ratio": 0.14598829713378958, "coverage": 1.0, "noisy_class_distribution": [0.6891798075969453, 0.31082019240305464], "class_distribution": [0.7633640781513439, 0.23663592184865614], "accuracy": 0.859, "balanced_accuracy": 0.7539, "log_loss": 0.3817, "ranking_quality": [0.0, 0.0], "detector_name": "none", "handler_name": "filter", "fitting_time": 53.97574519272894, "params": {"learning_rate": 0.03474089831868021, "reg_lambda": 35.39871473338696}, "commit": "de771b8902cbef0a7f283781242ac4853f192fcf", "hostname": "r-marcel-c3-liqid-02"}