{"dataset_name": "commercial", "noise_ratio": 0.14752845782005297, "coverage": 1.0, "noisy_class_distribution": [0.6529081553095275, 0.3470918446904725], "class_distribution": [0.7179167316388586, 0.28208326836114145], "accuracy": 0.9277, "balanced_accuracy": 0.9083, "log_loss": 0.2924, "ranking_quality": [0.0, 0.0], "detector_name": "none", "handler_name": "filter", "fitting_time": 267.3041497813538, "params": {"learning_rate": 0.03425924897703981, "reg_lambda": 49.168358623088594}, "commit": "727adac33d0dc2a1524b523904fa242325731100", "hostname": "r-marcel-c3-8440-03"}