{"dataset_name": "phishing", "noise_ratio": 0.15083672546359117, "coverage": 1.0, "noisy_class_distribution": [0.4614427860696517, 0.5385572139303483], "class_distribution": [0.44674355495251017, 0.5532564450474898], "accuracy": 0.9313, "balanced_accuracy": 0.9292, "log_loss": 0.2771, "ranking_quality": [0.0, 0.0], "detector_name": "none", "handler_name": "filter", "fitting_time": 44.689087060280144, "params": {"learning_rate": 0.039578619827729436, "reg_lambda": 35.3947401016521}, "commit": "de771b8902cbef0a7f283781242ac4853f192fcf", "hostname": "r-marcel-c3-liqid-02"}