{"dataset_name": "professor_teacher", "noise_ratio": 0.15462827395477474, "coverage": 1.0, "noisy_class_distribution": [0.4990239141044412, 0.5009760858955588], "class_distribution": [0.49536359199609564, 0.5046364080039043], "accuracy": 0.8596, "balanced_accuracy": 0.8602, "log_loss": 0.4164, "ranking_quality": [0.0, 0.0], "detector_name": "none", "handler_name": "filter", "fitting_time": 91.94807373266667, "params": {"learning_rate": 0.046579885033108316, "reg_lambda": 32.92604121720646}, "commit": "de771b8902cbef0a7f283781242ac4853f192fcf", "hostname": "r-marcel-c3-liqid-02"}