{"dataset_name": "sms", "noise_ratio": 0.14898271712973088, "coverage": 1.0, "noisy_class_distribution": [0.7606650623495953, 0.23933493765040473], "class_distribution": [0.8650185954933275, 0.1349814045066725], "accuracy": 0.946, "balanced_accuracy": 0.8111, "log_loss": 0.2645, "ranking_quality": [0.0, 0.0], "detector_name": "none", "handler_name": "filter", "fitting_time": 65.92932809703052, "params": {"learning_rate": 0.03289147044421475, "reg_lambda": 25.25451355467555}, "commit": "de771b8902cbef0a7f283781242ac4853f192fcf", "hostname": "r-marcel-c3-liqid-02"}