{"dataset_name": "trec", "noise_ratio": 0.252533280349692, "coverage": 1.0, "noisy_class_distribution": [0.19709914563878403, 0.20683488972779654, 0.2088217762765746, 0.06636201072918736, 0.1565666600437115, 0.16431551758394597], "class_distribution": [0.21060997417047486, 0.23147228293264455, 0.2235247367375323, 0.016093781045102326, 0.15140075501688854, 0.16689847009735745], "accuracy": 0.366, "balanced_accuracy": 0.4246, "log_loss": 1.5561, "ranking_quality": [0.0, 0.0, 0.0, 0.0, 0.0, 0.0], "detector_name": "none", "handler_name": "filter", "fitting_time": 69.4858569400385, "params": {"learning_rate": 0.006556385347757349, "reg_lambda": 33.36694783035905}, "commit": "de771b8902cbef0a7f283781242ac4853f192fcf", "hostname": "r-marcel-c3-liqid-02"}