{"dataset_name": "yelp", "noise_ratio": 0.1523026315789474, "coverage": 1.0, "noisy_class_distribution": [0.5042434210526315, 0.4957565789473684], "class_distribution": [0.5036513157894736, 0.4963486842105263], "accuracy": 0.89, "balanced_accuracy": 0.8897, "log_loss": 0.3925, "ranking_quality": [0.0, 0.0], "detector_name": "none", "handler_name": "filter", "fitting_time": 129.12074647657573, "params": {"learning_rate": 0.03540447366408052, "reg_lambda": 58.20699261256947}, "commit": "de771b8902cbef0a7f283781242ac4853f192fcf", "hostname": "r-marcel-c3-liqid-02"}