{"dataset_name": "amazon", "noise_ratio": 0.15173749999999997, "coverage": 1.0, "noisy_class_distribution": [0.5001625, 0.4998375], "class_distribution": [0.5004375, 0.4995625], "accuracy": 0.777, "balanced_accuracy": 0.777, "log_loss": 0.452, "ranking_quality": [0.0, 0.0], "detector_name": "gold", "handler_name": "filter", "fitting_time": 106.79462420940399, "params": {"sgd__alpha": 2.0600320254900543e-05, "sgd__eta0": 0.013049151217816107}, "commit": "44320d89d302b12253cc26dc4054148c2b858f86", "hostname": "r-marcel-c3-8440-01"}