{"dataset_name": "bank-marketing", "noise_ratio": 0.14855673523556734, "coverage": 1.0, "noisy_class_distribution": [0.7684417164344172, 0.23155828356558283], "class_distribution": [0.8819951338199513, 0.11800486618004866], "accuracy": 0.9007, "balanced_accuracy": 0.6438, "log_loss": 0.2221, "ranking_quality": [0.0, 0.0], "detector_name": "gold", "handler_name": "filter", "fitting_time": 19.104166202247143, "params": {"sgd__alpha": 2.4667875419469977e-05, "sgd__eta0": 0.30411293821461205}, "commit": "44320d89d302b12253cc26dc4054148c2b858f86", "hostname": "r-marcel-c3-8440-01"}