{"dataset_name": "basketball", "noise_ratio": 0.14707846410684478, "coverage": 1.0, "noisy_class_distribution": [0.7728992765720646, 0.22710072342793544], "class_distribution": [0.8871452420701169, 0.11285475792988314], "accuracy": 0.9386, "balanced_accuracy": 0.9298, "log_loss": 0.1555, "ranking_quality": [0.0, 0.0], "detector_name": "gold", "handler_name": "filter", "fitting_time": 10.110368890687823, "params": {"sgd__alpha": 0.0018863786176756313, "sgd__eta0": 0.0010723031012880855}, "commit": "44320d89d302b12253cc26dc4054148c2b858f86", "hostname": "r-marcel-c3-8440-01"}