{"dataset_name": "bioresponse", "noise_ratio": 0.15066666666666662, "coverage": 1.0, "noisy_class_distribution": [0.4613333333333333, 0.5386666666666666], "class_distribution": [0.4533333333333333, 0.5466666666666666], "accuracy": 0.766, "balanced_accuracy": 0.7669, "log_loss": 0.5855, "ranking_quality": [0.0, 0.0], "detector_name": "gold", "handler_name": "filter", "fitting_time": 1.9269780497998, "params": {"sgd__alpha": 0.0013038771903853442, "sgd__eta0": 0.002561107778918291}, "commit": "44320d89d302b12253cc26dc4054148c2b858f86", "hostname": "r-marcel-c3-8440-01"}