{"dataset_name": "commercial", "noise_ratio": 0.14752845782005297, "coverage": 1.0, "noisy_class_distribution": [0.6529081553095275, 0.3470918446904725], "class_distribution": [0.7179167316388586, 0.28208326836114145], "accuracy": 0.938, "balanced_accuracy": 0.9261, "log_loss": 0.2155, "ranking_quality": [0.0, 0.0], "detector_name": "gold", "handler_name": "filter", "fitting_time": 37.66851771902293, "params": {"sgd__alpha": 0.00011065943702350839, "sgd__eta0": 0.0011886285188625757}, "commit": "44320d89d302b12253cc26dc4054148c2b858f86", "hostname": "r-marcel-c3-8440-01"}