{"dataset_name": "imdb136", "noise_ratio": 0.15132, "coverage": 1.0, "noisy_class_distribution": [0.5006, 0.4994], "class_distribution": [0.5, 0.5], "accuracy": 0.8772, "balanced_accuracy": 0.8772, "log_loss": 0.301, "ranking_quality": [0.0, 0.0], "detector_name": "gold", "handler_name": "filter", "fitting_time": 1.3142951233312488, "params": {"sgd__alpha": 1.5061048679204075e-05, "sgd__eta0": 0.28001003355552395}, "commit": "44320d89d302b12253cc26dc4054148c2b858f86", "hostname": "r-marcel-c3-8440-01"}