{"dataset_name": "sms", "noise_ratio": 0.14898271712973088, "coverage": 1.0, "noisy_class_distribution": [0.7606650623495953, 0.23933493765040473], "class_distribution": [0.8650185954933275, 0.1349814045066725], "accuracy": 0.952, "balanced_accuracy": 0.8209, "log_loss": 0.1481, "ranking_quality": [0.0, 0.0], "detector_name": "gold", "handler_name": "filter", "fitting_time": 1.9437295161187649, "params": {"sgd__alpha": 2.144664481749481e-05, "sgd__eta0": 0.858628071822978}, "commit": "44320d89d302b12253cc26dc4054148c2b858f86", "hostname": "r-marcel-c3-8440-01"}