{"dataset_name": "agnews", "noise_ratio": 0.2271770833333333, "coverage": 1.0, "noisy_class_distribution": [0.2522916666666667, 0.24702083333333333, 0.249, 0.2516875], "class_distribution": [0.2518125, 0.24691666666666667, 0.2475, 0.25377083333333333], "accuracy": 0.6624, "balanced_accuracy": 0.6658, "log_loss": 0.9683, "ranking_quality": [0.0, 0.0, 0.0, 0.0], "detector_name": "none", "handler_name": "filter", "fitting_time": 62.18513605184853, "params": {"sgd__alpha": 2.3910814837133924e-05, "sgd__eta0": 0.04773024865926086}, "commit": "44320d89d302b12253cc26dc4054148c2b858f86", "hostname": "r-marcel-c3-8440-01"}