{"dataset_name": "amazon", "noise_ratio": 0.15173749999999997, "coverage": 1.0, "noisy_class_distribution": [0.5001625, 0.4998375], "class_distribution": [0.5004375, 0.4995625], "accuracy": 0.7515, "balanced_accuracy": 0.7516, "log_loss": 0.5139, "ranking_quality": [0.0, 0.0], "detector_name": "none", "handler_name": "filter", "fitting_time": 104.85068389587104, "params": {"sgd__alpha": 1.6285507842001864e-05, "sgd__eta0": 0.1449015672594082}, "commit": "44320d89d302b12253cc26dc4054148c2b858f86", "hostname": "r-marcel-c3-8440-01"}