{"dataset_name": "bank-marketing", "noise_ratio": 0.14855673523556734, "coverage": 1.0, "noisy_class_distribution": [0.7684417164344172, 0.23155828356558283], "class_distribution": [0.8819951338199513, 0.11800486618004866], "accuracy": 0.8899, "balanced_accuracy": 0.502, "log_loss": 0.2768, "ranking_quality": [0.0, 0.0], "detector_name": "none", "handler_name": "filter", "fitting_time": 19.975331102497876, "params": {"sgd__alpha": 0.0005242181508360106, "sgd__eta0": 0.4427919844760638}, "commit": "44320d89d302b12253cc26dc4054148c2b858f86", "hostname": "r-marcel-c3-8440-01"}