{"dataset_name": "basketball", "noise_ratio": 0.14707846410684478, "coverage": 1.0, "noisy_class_distribution": [0.7728992765720646, 0.22710072342793544], "class_distribution": [0.8871452420701169, 0.11285475792988314], "accuracy": 0.8822, "balanced_accuracy": 0.8515, "log_loss": 0.3038, "ranking_quality": [0.0, 0.0], "detector_name": "none", "handler_name": "filter", "fitting_time": 8.414869955740869, "params": {"sgd__alpha": 1.9630535778050025e-05, "sgd__eta0": 0.0011741603918582156}, "commit": "44320d89d302b12253cc26dc4054148c2b858f86", "hostname": "r-marcel-c3-8440-01"}