{"dataset_name": "hausa", "noise_ratio": 0.2621026894865526, "coverage": 1.0, "noisy_class_distribution": [0.16283618581907092, 0.1980440097799511, 0.22591687041564792, 0.16772616136919316, 0.24547677261613693], "class_distribution": [0.15403422982885084, 0.21222493887530564, 0.219559902200489, 0.1388753056234719, 0.27530562347188264], "accuracy": 0.6959, "balanced_accuracy": 0.6817, "log_loss": 0.9889, "ranking_quality": [0.0, 0.0, 0.0, 0.0, 0.0], "detector_name": "none", "handler_name": "filter", "fitting_time": 1.1912018107250333, "params": {"sgd__alpha": 0.0002380025003766447, "sgd__eta0": 0.5438332411218385}, "commit": "44320d89d302b12253cc26dc4054148c2b858f86", "hostname": "r-marcel-c3-8440-01"}