{"dataset_name": "imdb136", "noise_ratio": 0.15132, "coverage": 1.0, "noisy_class_distribution": [0.5006, 0.4994], "class_distribution": [0.5, 0.5], "accuracy": 0.8586, "balanced_accuracy": 0.8586, "log_loss": 0.4125, "ranking_quality": [0.0, 0.0], "detector_name": "none", "handler_name": "filter", "fitting_time": 1.0992245683446527, "params": {"sgd__alpha": 2.175471675921513e-05, "sgd__eta0": 0.14658410744413794}, "commit": "44320d89d302b12253cc26dc4054148c2b858f86", "hostname": "r-marcel-c3-8440-01"}