{"dataset_name": "imdb", "noise_ratio": 0.15015, "coverage": 1.0, "noisy_class_distribution": [0.50335, 0.49665], "class_distribution": [0.5, 0.5], "accuracy": 0.8396, "balanced_accuracy": 0.8396, "log_loss": 0.4248, "ranking_quality": [0.0, 0.0], "detector_name": "none", "handler_name": "filter", "fitting_time": 1.1575896609574556, "params": {"sgd__alpha": 1.1620594522357858e-05, "sgd__eta0": 0.09388685955791694}, "commit": "44320d89d302b12253cc26dc4054148c2b858f86", "hostname": "r-marcel-c3-8440-01"}