{"dataset_name": "spambase", "noise_ratio": 0.1423913043478261, "coverage": 1.0, "noisy_class_distribution": [0.5736413043478261, 0.42635869565217394], "class_distribution": [0.6057065217391304, 0.3942934782608696], "accuracy": 0.9067, "balanced_accuracy": 0.8905, "log_loss": 0.3398, "ranking_quality": [0.0, 0.0], "detector_name": "none", "handler_name": "filter", "fitting_time": 0.19244255777448416, "params": {"sgd__alpha": 1.037958769419029e-05, "sgd__eta0": 0.0030184486624945457}, "commit": "44320d89d302b12253cc26dc4054148c2b858f86", "hostname": "r-marcel-c3-8440-01"}