{"dataset_name": "yelp", "noise_ratio": 0.1523026315789474, "coverage": 1.0, "noisy_class_distribution": [0.5042434210526315, 0.4957565789473684], "class_distribution": [0.5036513157894736, 0.4963486842105263], "accuracy": 0.7408, "balanced_accuracy": 0.7424, "log_loss": 0.5355, "ranking_quality": [0.0, 0.0], "detector_name": "none", "handler_name": "filter", "fitting_time": 25.213808194734156, "params": {"sgd__alpha": 2.4113526632295824e-05, "sgd__eta0": 0.09847013697344868}, "commit": "44320d89d302b12253cc26dc4054148c2b858f86", "hostname": "r-marcel-c3-8440-01"}