{"dataset_name": "agnews", "noise_ratio": 0.2271770833333333, "coverage": 1.0, "noisy_class_distribution": [0.2522916666666667, 0.24702083333333333, 0.249, 0.2516875], "class_distribution": [0.2518125, 0.24691666666666667, 0.2475, 0.25377083333333333], "accuracy": 0.8222, "balanced_accuracy": 0.8233, "log_loss": 0.6145, "ranking_quality": [0.0, 0.0, 0.0, 0.0], "detector_name": "gold", "handler_name": "filter", "fitting_time": 153.16960340365767, "params": {"learning_rate": 0.04575431381264815, "reg_lambda": 93.668943204035}, "commit": "de771b8902cbef0a7f283781242ac4853f192fcf", "hostname": "r-marcel-c3-liqid-02"}