{"dataset_name": "bank-marketing", "noise_ratio": 0.14855673523556734, "coverage": 1.0, "noisy_class_distribution": [0.7684417164344172, 0.23155828356558283], "class_distribution": [0.8819951338199513, 0.11800486618004866], "accuracy": 0.9062, "balanced_accuracy": 0.6907, "log_loss": 0.2033, "ranking_quality": [0.0, 0.0], "detector_name": "gold", "handler_name": "filter", "fitting_time": 56.14231620449573, "params": {"learning_rate": 0.029194043394460804, "reg_lambda": 19.032530468035414}, "commit": "de771b8902cbef0a7f283781242ac4853f192fcf", "hostname": "r-marcel-c3-liqid-02"}