{"dataset_name": "professor_teacher", "noise_ratio": 0.15462827395477474, "coverage": 1.0, "noisy_class_distribution": [0.4990239141044412, 0.5009760858955588], "class_distribution": [0.49536359199609564, 0.5046364080039043], "accuracy": 0.8774, "balanced_accuracy": 0.8778, "log_loss": 0.3, "ranking_quality": [0.0, 0.0], "detector_name": "gold", "handler_name": "filter", "fitting_time": 102.96156454831362, "params": {"learning_rate": 0.061708736102428545, "reg_lambda": 56.290527393020895}, "commit": "de771b8902cbef0a7f283781242ac4853f192fcf", "hostname": "r-marcel-c3-liqid-02"}