{"dataset_name": "spambase", "noise_ratio": 0.1423913043478261, "coverage": 1.0, "noisy_class_distribution": [0.5736413043478261, 0.42635869565217394], "class_distribution": [0.6057065217391304, 0.3942934782608696], "accuracy": 0.9588, "balanced_accuracy": 0.9526, "log_loss": 0.1103, "ranking_quality": [0.0, 0.0], "detector_name": "gold", "handler_name": "filter", "fitting_time": 45.19298404455185, "params": {"learning_rate": 0.08592529148282003, "reg_lambda": 61.65744474039103}, "commit": "de771b8902cbef0a7f283781242ac4853f192fcf", "hostname": "r-marcel-c3-liqid-02"}