{"dataset_name": "tennis", "noise_ratio": 0.15203333812329356, "coverage": 1.0, "noisy_class_distribution": [0.5621497341572065, 0.4378502658427935], "class_distribution": [0.5883029170857882, 0.4116970829142118], "accuracy": 0.8834, "balanced_accuracy": 0.8809, "log_loss": 0.3412, "ranking_quality": [0.0, 0.0], "detector_name": "gold", "handler_name": "filter", "fitting_time": 86.3882502950728, "params": {"learning_rate": 0.09056372922003819, "reg_lambda": 8.87524767324579}, "commit": "de771b8902cbef0a7f283781242ac4853f192fcf", "hostname": "r-marcel-c3-liqid-02"}