{"dataset_name": "yoruba", "noise_ratio": 0.25373134328358204, "coverage": 1.0, "noisy_class_distribution": [0.09850746268656717, 0.1708955223880597, 0.0626865671641791, 0.30074626865671644, 0.22164179104477613, 0.06716417910447761, 0.07835820895522388], "class_distribution": [0.0708955223880597, 0.18880597014925374, 0.03805970149253731, 0.3604477611940298, 0.24104477611940298, 0.03731343283582089, 0.06343283582089553], "accuracy": 0.6385, "balanced_accuracy": 0.4214, "log_loss": 1.1389, "ranking_quality": [0.0, 0.0, 0.0, 0.0, 0.0, 0.0, 0.0], "detector_name": "gold", "handler_name": "filter", "fitting_time": 67.50815945863724, "params": {"learning_rate": 0.03506149056402839, "reg_lambda": 5.113334937308556}, "commit": "de771b8902cbef0a7f283781242ac4853f192fcf", "hostname": "r-marcel-c3-liqid-02"}