{"dataset_name": "bioresponse", "noise_ratio": 0.4603811434302909, "coverage": 0.997, "noisy_class_distribution": [0.8415245737211635, 0.1584754262788365], "class_distribution": [0.4533333333333333, 0.5466666666666666], "accuracy": 0.6383, "balanced_accuracy": 0.6236, "log_loss": 0.9934, "ranking_quality": [1.0, 1.0], "detector_name": "silver", "handler_name": "filter", "fitting_time": 6.010762362740934, "params": {"sgd__alpha": 0.0001, "sgd__eta0": 0.1}, "commit": "f963f0979e166b9cf2c9b00513cd6c493e506c8d", "hostname": "r-marcel-c3-liqid-02"}