{"dataset_name": "tennis", "noise_ratio": 0.13320879436700672, "coverage": 1.0, "noisy_class_distribution": [0.5824112659864923, 0.4175887340135077], "class_distribution": [0.5883029170857882, 0.4116970829142118], "accuracy": 0.8871, "balanced_accuracy": 0.8843, "log_loss": 3.9197, "ranking_quality": [1.0, 1.0], "detector_name": "silver", "handler_name": "filter", "fitting_time": 0.7798460181802511, "params": {"sgd__alpha": 0.0001, "sgd__eta0": 0.1}, "commit": "f963f0979e166b9cf2c9b00513cd6c493e506c8d", "hostname": "r-marcel-c3-liqid-02"}