{"dataset_name": "youtube", "noise_ratio": 0.149402390438247, "coverage": 0.8932384341637011, "noisy_class_distribution": [0.5517928286852589, 0.448207171314741], "class_distribution": [0.4750889679715303, 0.5249110320284698], "accuracy": 0.94, "balanced_accuracy": 0.9382, "log_loss": 0.4171, "ranking_quality": [1.0, 1.0], "detector_name": "silver", "handler_name": "filter", "fitting_time": 0.025745798833668232, "params": {"sgd__alpha": 0.0001, "sgd__eta0": 0.01}, "commit": "f963f0979e166b9cf2c9b00513cd6c493e506c8d", "hostname": "r-marcel-c3-liqid-02"}